"Program","Year","Period","Week Ending","Geo Level","State","State ANSI","Ag District","Ag District Code","County","County ANSI","Zip Code","Region","Watershed","Commodity","Data Item","Domain","Domain Category","Value","CV (%)"
"SURVEY","2014","YEAR","","AGRICULTURAL DISTRICT","IOWA","19","CENTRAL","50","","","","","","CORN","CORN, GRAIN - YIELD, MEASURED IN BU / ACRE","TOTAL","NOT SPECIFIED","195",""
"SURVEY","2014","YEAR","","AGRICULTURAL DISTRICT","IOWA","19","CENTRAL","50","","","","","","SOYBEANS","SOYBEANS - YIELD, MEASURED IN BU / ACRE","TOTAL","NOT SPECIFIED","51",""
"SURVEY","2013","YEAR","","AGRICULTURAL DISTRICT","IOWA","19","CENTRAL","50","","","","","","CORN","CORN, GRAIN - YIELD, MEASURED IN BU / ACRE","TOTAL","NOT SPECIFIED","153.2",""
"SURVEY","2013","YEAR","","AGRICULTURAL DISTRICT","IOWA","19","CENTRAL","50","","","","","","OATS","OATS - YIELD, MEASURED IN BU / ACRE","TOTAL","NOT SPECIFIED","76.2",""
"SURVEY","2013","YEAR","","AGRICULTURAL DISTRICT","IOWA","19","CENTRAL","50","","","","","","SOYBEANS","SOYBEANS - YIELD, MEASURED IN BU / ACRE","TOTAL","NOT SPECIFIED","42.7",""
"SURVEY","2012","YEAR","","AGRICULTURAL DISTRICT","IOWA","19","CENTRAL","50","","","","","","CORN","CORN, GRAIN - YIELD, MEASURED IN BU / ACRE","TOTAL","NOT SPECIFIED","151.3",""
"SURVEY","2012","YEAR","","AGRICULTURAL DISTRICT","IOWA","19","CENTRAL","50","","","","","","OATS","OATS - YIELD, MEASURED IN BU / ACRE","TOTAL","NOT SPECIFIED","66.6",""
"SURVEY","2012","YEAR","","AGRICULTURAL DISTRICT","IOWA","19","CENTRAL","50","","","","","","SOYBEANS","SOYBEANS - YIELD, MEASURED IN BU / ACRE","TOTAL","NOT SPECIFIED","49.3",""
"SURVEY","2011","YEAR","","AGRICULTURAL DISTRICT","IOWA","19","CENTRAL","50","","","","","","CORN","CORN, GRAIN - YIELD, MEASURED IN BU / ACRE","TOTAL","NOT SPECIFIED","175.1",""
"SURVEY","2011","YEAR","","AGRICULTURAL DISTRICT","IOWA","19","CENTRAL","50","","","","","","OATS","OATS - YIELD, MEASURED IN BU / ACRE","TOTAL","NOT SPECIFIED","65",""
"SURVEY","2011","YEAR","","AGRICULTURAL DISTRICT","IOWA","19","CENTRAL","50","","","","","","SOYBEANS","SOYBEANS - YIELD, MEASURED IN BU / ACRE","TOTAL","NOT SPECIFIED","54.7",""
"SURVEY","2010","YEAR","","AGRICULTURAL DISTRICT","IOWA","19","CENTRAL","50","","","","","","CORN","CORN, GRAIN - YIELD, MEASURED IN BU / ACRE","TOTAL","NOT SPECIFIED","167.5",""
"SURVEY","2010","YEAR","","AGRICULTURAL DISTRICT","IOWA","19","CENTRAL","50","","","","","","OATS","OATS - YIELD, MEASURED IN BU / ACRE","TOTAL","NOT SPECIFIED","64.9",""
"SURVEY","2010","YEAR","","AGRICULTURAL DISTRICT","IOWA","19","CENTRAL","50","","","","","","SOYBEANS","SOYBEANS - YIELD, MEASURED IN BU / ACRE","TOTAL","NOT SPECIFIED","51.2",""
"SURVEY","2009","YEAR","","AGRICULTURAL DISTRICT","IOWA","19","CENTRAL","50","","","","","","CORN","CORN, GRAIN - YIELD, MEASURED IN BU / ACRE","TOTAL","NOT SPECIFIED","178",""
"SURVEY","2009","YEAR","","AGRICULTURAL DISTRICT","IOWA","19","CENTRAL","50","","","","","","OATS","OATS - YIELD, MEASURED IN BU / ACRE","TOTAL","NOT SPECIFIED","67",""
"SURVEY","2009","YEAR","","AGRICULTURAL DISTRICT","IOWA","19","CENTRAL","50","","","","","","SOYBEANS","SOYBEANS - YIELD, MEASURED IN BU / ACRE","TOTAL","NOT SPECIFIED","52",""
"SURVEY","2008","YEAR","","AGRICULTURAL DISTRICT","IOWA","19","CENTRAL","50","","","","","","CORN","CORN, GRAIN - YIELD, MEASURED IN BU / ACRE","TOTAL","NOT SPECIFIED","169",""
"SURVEY","2008","YEAR","","AGRICULTURAL DISTRICT","IOWA","19","CENTRAL","50","","","","","","HAY","HAY - YIELD, MEASURED IN TONS / ACRE","TOTAL","NOT SPECIFIED","3.6",""
"SURVEY","2008","YEAR","","AGRICULTURAL DISTRICT","IOWA","19","CENTRAL","50","","","","","","OATS","OATS - YIELD, MEASURED IN BU / ACRE","TOTAL","NOT SPECIFIED","66.1",""
"SURVEY","2008","YEAR","","AGRICULTURAL DISTRICT","IOWA","19","CENTRAL","50","","","","","","SOYBEANS","SOYBEANS - YIELD, MEASURED IN BU / ACRE","TOTAL","NOT SPECIFIED","48.5",""
"SURVEY","2007","YEAR","","AGRICULTURAL DISTRICT","IOWA","19","CENTRAL","50","","","","","","CORN","CORN, GRAIN - YIELD, MEASURED IN BU / ACRE","TOTAL","NOT SPECIFIED","179.3",""
"SURVEY","2007","YEAR","","AGRICULTURAL DISTRICT","IOWA","19","CENTRAL","50","","","","","","HAY","HAY - YIELD, MEASURED IN TONS / ACRE","TOTAL","NOT SPECIFIED","3.58",""
"SURVEY","2007","YEAR","","AGRICULTURAL DISTRICT","IOWA","19","CENTRAL","50","","","","","","OATS","OATS - YIELD, MEASURED IN BU / ACRE","TOTAL","NOT SPECIFIED","72.8",""
"SURVEY","2007","YEAR","","AGRICULTURAL DISTRICT","IOWA","19","CENTRAL","50","","","","","","SOYBEANS","SOYBEANS - YIELD, MEASURED IN BU / ACRE","TOTAL","NOT SPECIFIED","54.7",""
"SURVEY","2006","YEAR","","AGRICULTURAL DISTRICT","IOWA","19","CENTRAL","50","","","","","","CORN","CORN, GRAIN - YIELD, MEASURED IN BU / ACRE","TOTAL","NOT SPECIFIED","177.4",""
"SURVEY","2006","YEAR","","AGRICULTURAL DISTRICT","IOWA","19","CENTRAL","50","","","","","","HAY","HAY - YIELD, MEASURED IN TONS / ACRE","TOTAL","NOT SPECIFIED","3.5",""
"SURVEY","2006","YEAR","","AGRICULTURAL DISTRICT","IOWA","19","CENTRAL","50","","","","","","OATS","OATS - YIELD, MEASURED IN BU / ACRE","TOTAL","NOT SPECIFIED","89.3",""
"SURVEY","2006","YEAR","","AGRICULTURAL DISTRICT","IOWA","19","CENTRAL","50","","","","","","SOYBEANS","SOYBEANS - YIELD, MEASURED IN BU / ACRE","TOTAL","NOT SPECIFIED","52.6",""
"SURVEY","2005","YEAR","","AGRICULTURAL DISTRICT","IOWA","19","CENTRAL","50","","","","","","CORN","CORN, GRAIN - YIELD, MEASURED IN BU / ACRE","TOTAL","NOT SPECIFIED","186.7",""
"SURVEY","2005","YEAR","","AGRICULTURAL DISTRICT","IOWA","19","CENTRAL","50","","","","","","HAY","HAY - YIELD, MEASURED IN TONS / ACRE","TOTAL","NOT SPECIFIED","3.93",""
"SURVEY","2005","YEAR","","AGRICULTURAL DISTRICT","IOWA","19","CENTRAL","50","","","","","","OATS","OATS - YIELD, MEASURED IN BU / ACRE","TOTAL","NOT SPECIFIED","84.3",""
"SURVEY","2005","YEAR","","AGRICULTURAL DISTRICT","IOWA","19","CENTRAL","50","","","","","","SOYBEANS","SOYBEANS - YIELD, MEASURED IN BU / ACRE","TOTAL","NOT SPECIFIED","56.1",""
"SURVEY","2004","YEAR","","AGRICULTURAL DISTRICT","IOWA","19","CENTRAL","50","","","","","","CORN","CORN, GRAIN - YIELD, MEASURED IN BU / ACRE","TOTAL","NOT SPECIFIED","188.9",""
"SURVEY","2004","YEAR","","AGRICULTURAL DISTRICT","IOWA","19","CENTRAL","50","","","","","","HAY","HAY - YIELD, MEASURED IN TONS / ACRE","TOTAL","NOT SPECIFIED","4.1",""
"SURVEY","2004","YEAR","","AGRICULTURAL DISTRICT","IOWA","19","CENTRAL","50","","","","","","OATS","OATS - YIELD, MEASURED IN BU / ACRE","TOTAL","NOT SPECIFIED","74.8",""
"SURVEY","2004","YEAR","","AGRICULTURAL DISTRICT","IOWA","19","CENTRAL","50","","","","","","SOYBEANS","SOYBEANS - YIELD, MEASURED IN BU / ACRE","TOTAL","NOT SPECIFIED","51.7",""
"SURVEY","2003","YEAR","","AGRICULTURAL DISTRICT","IOWA","19","CENTRAL","50","","","","","","CORN","CORN, GRAIN - YIELD, MEASURED IN BU / ACRE","TOTAL","NOT SPECIFIED","167.9",""
"SURVEY","2003","YEAR","","AGRICULTURAL DISTRICT","IOWA","19","CENTRAL","50","","","","","","HAY","HAY - YIELD, MEASURED IN TONS / ACRE","TOTAL","NOT SPECIFIED","3.73",""
"SURVEY","2003","YEAR","","AGRICULTURAL DISTRICT","IOWA","19","CENTRAL","50","","","","","","OATS","OATS - YIELD, MEASURED IN BU / ACRE","TOTAL","NOT SPECIFIED","90",""
"SURVEY","2003","YEAR","","AGRICULTURAL DISTRICT","IOWA","19","CENTRAL","50","","","","","","SOYBEANS","SOYBEANS - YIELD, MEASURED IN BU / ACRE","TOTAL","NOT SPECIFIED","33.4",""
"SURVEY","2002","YEAR","","AGRICULTURAL DISTRICT","IOWA","19","CENTRAL","50","","","","","","CORN","CORN, GRAIN - YIELD, MEASURED IN BU / ACRE","TOTAL","NOT SPECIFIED","178.3",""
"SURVEY","2002","YEAR","","AGRICULTURAL DISTRICT","IOWA","19","CENTRAL","50","","","","","","HAY","HAY - YIELD, MEASURED IN TONS / ACRE","TOTAL","NOT SPECIFIED","3.33",""
"SURVEY","2002","YEAR","","AGRICULTURAL DISTRICT","IOWA","19","CENTRAL","50","","","","","","OATS","OATS - YIELD, MEASURED IN BU / ACRE","TOTAL","NOT SPECIFIED","83.3",""
"SURVEY","2002","YEAR","","AGRICULTURAL DISTRICT","IOWA","19","CENTRAL","50","","","","","","SOYBEANS","SOYBEANS - YIELD, MEASURED IN BU / ACRE","TOTAL","NOT SPECIFIED","50.2",""
"SURVEY","2001","YEAR","","AGRICULTURAL DISTRICT","IOWA","19","CENTRAL","50","","","","","","CORN","CORN, GRAIN - YIELD, MEASURED IN BU / ACRE","TOTAL","NOT SPECIFIED","153",""
"SURVEY","2001","YEAR","","AGRICULTURAL DISTRICT","IOWA","19","CENTRAL","50","","","","","","HAY","HAY - YIELD, MEASURED IN TONS / ACRE","TOTAL","NOT SPECIFIED","3.42",""
"SURVEY","2001","YEAR","","AGRICULTURAL DISTRICT","IOWA","19","CENTRAL","50","","","","","","OATS","OATS - YIELD, MEASURED IN BU / ACRE","TOTAL","NOT SPECIFIED","75.6",""
"SURVEY","2001","YEAR","","AGRICULTURAL DISTRICT","IOWA","19","CENTRAL","50","","","","","","SOYBEANS","SOYBEANS - YIELD, MEASURED IN BU / ACRE","TOTAL","NOT SPECIFIED","45.1",""
"SURVEY","2000","YEAR","","AGRICULTURAL DISTRICT","IOWA","19","CENTRAL","50","","","","","","CORN","CORN, GRAIN - YIELD, MEASURED IN BU / ACRE","TOTAL","NOT SPECIFIED","150.3",""
"SURVEY","2000","YEAR","","AGRICULTURAL DISTRICT","IOWA","19","CENTRAL","50","","","","","","HAY","HAY - YIELD, MEASURED IN TONS / ACRE","TOTAL","NOT SPECIFIED","3.53",""
"SURVEY","2000","YEAR","","AGRICULTURAL DISTRICT","IOWA","19","CENTRAL","50","","","","","","OATS","OATS - YIELD, MEASURED IN BU / ACRE","TOTAL","NOT SPECIFIED","65.7",""
"SURVEY","2000","YEAR","","AGRICULTURAL DISTRICT","IOWA","19","CENTRAL","50","","","","","","SOYBEANS","SOYBEANS - YIELD, MEASURED IN BU / ACRE","TOTAL","NOT SPECIFIED","44.3",""
"SURVEY","1999","YEAR","","AGRICULTURAL DISTRICT","IOWA","19","CENTRAL","50","","","","","","CORN","CORN, GRAIN - YIELD, MEASURED IN BU / ACRE","TOTAL","NOT SPECIFIED","154",""
"SURVEY","1999","YEAR","","AGRICULTURAL DISTRICT","IOWA","19","CENTRAL","50","","","","","","HAY","HAY - YIELD, MEASURED IN TONS / ACRE","TOTAL","NOT SPECIFIED","3.55",""
"SURVEY","1999","YEAR","","AGRICULTURAL DISTRICT","IOWA","19","CENTRAL","50","","","","","","OATS","OATS - YIELD, MEASURED IN BU / ACRE","TOTAL","NOT SPECIFIED","68",""
"SURVEY","1999","YEAR","","AGRICULTURAL DISTRICT","IOWA","19","CENTRAL","50","","","","","","SOYBEANS","SOYBEANS - YIELD, MEASURED IN BU / ACRE","TOTAL","NOT SPECIFIED","46.6",""
"SURVEY","1998","YEAR","","AGRICULTURAL DISTRICT","IOWA","19","CENTRAL","50","","","","","","CORN","CORN, GRAIN - YIELD, MEASURED IN BU / ACRE","TOTAL","NOT SPECIFIED","145.5",""
"SURVEY","1998","YEAR","","AGRICULTURAL DISTRICT","IOWA","19","CENTRAL","50","","","","","","HAY","HAY - YIELD, MEASURED IN TONS / ACRE","TOTAL","NOT SPECIFIED","3.34",""
"SURVEY","1998","YEAR","","AGRICULTURAL DISTRICT","IOWA","19","CENTRAL","50","","","","","","OATS","OATS - YIELD, MEASURED IN BU / ACRE","TOTAL","NOT SPECIFIED","54.9",""
"SURVEY","1998","YEAR","","AGRICULTURAL DISTRICT","IOWA","19","CENTRAL","50","","","","","","SOYBEANS","SOYBEANS - YIELD, MEASURED IN BU / ACRE","TOTAL","NOT SPECIFIED","48.7",""
"SURVEY","1997","YEAR","","AGRICULTURAL DISTRICT","IOWA","19","CENTRAL","50","","","","","","CORN","CORN, GRAIN - YIELD, MEASURED IN BU / ACRE","TOTAL","NOT SPECIFIED","142.8",""
"SURVEY","1997","YEAR","","AGRICULTURAL DISTRICT","IOWA","19","CENTRAL","50","","","","","","HAY","HAY - YIELD, MEASURED IN TONS / ACRE","TOTAL","NOT SPECIFIED","3.15",""
"SURVEY","1997","YEAR","","AGRICULTURAL DISTRICT","IOWA","19","CENTRAL","50","","","","","","OATS","OATS - YIELD, MEASURED IN BU / ACRE","TOTAL","NOT SPECIFIED","74.6",""
"SURVEY","1997","YEAR","","AGRICULTURAL DISTRICT","IOWA","19","CENTRAL","50","","","","","","SOYBEANS","SOYBEANS - YIELD, MEASURED IN BU / ACRE","TOTAL","NOT SPECIFIED","47.1",""
"SURVEY","1996","YEAR","","AGRICULTURAL DISTRICT","IOWA","19","CENTRAL","50","","","","","","CORN","CORN, GRAIN - YIELD, MEASURED IN BU / ACRE","TOTAL","NOT SPECIFIED","141.8",""
"SURVEY","1996","YEAR","","AGRICULTURAL DISTRICT","IOWA","19","CENTRAL","50","","","","","","HAY","HAY - YIELD, MEASURED IN TONS / ACRE","TOTAL","NOT SPECIFIED","3.59",""
"SURVEY","1996","YEAR","","AGRICULTURAL DISTRICT","IOWA","19","CENTRAL","50","","","","","","OATS","OATS - YIELD, MEASURED IN BU / ACRE","TOTAL","NOT SPECIFIED","67.3",""
"SURVEY","1996","YEAR","","AGRICULTURAL DISTRICT","IOWA","19","CENTRAL","50","","","","","","SOYBEANS","SOYBEANS - YIELD, MEASURED IN BU / ACRE","TOTAL","NOT SPECIFIED","46.5",""
"SURVEY","1995","YEAR","","AGRICULTURAL DISTRICT","IOWA","19","CENTRAL","50","","","","","","CORN","CORN, GRAIN - YIELD, MEASURED IN BU / ACRE","TOTAL","NOT SPECIFIED","136.7",""
"SURVEY","1995","YEAR","","AGRICULTURAL DISTRICT","IOWA","19","CENTRAL","50","","","","","","HAY","HAY - YIELD, MEASURED IN TONS / ACRE","TOTAL","NOT SPECIFIED","3.58",""
"SURVEY","1995","YEAR","","AGRICULTURAL DISTRICT","IOWA","19","CENTRAL","50","","","","","","OATS","OATS - YIELD, MEASURED IN BU / ACRE","TOTAL","NOT SPECIFIED","67.2",""
"SURVEY","1995","YEAR","","AGRICULTURAL DISTRICT","IOWA","19","CENTRAL","50","","","","","","SOYBEANS","SOYBEANS - YIELD, MEASURED IN BU / ACRE","TOTAL","NOT SPECIFIED","49.7",""
"SURVEY","1994","YEAR","","AGRICULTURAL DISTRICT","IOWA","19","CENTRAL","50","","","","","","CORN","CORN, GRAIN - YIELD, MEASURED IN BU / ACRE","TOTAL","NOT SPECIFIED","157",""
"SURVEY","1994","YEAR","","AGRICULTURAL DISTRICT","IOWA","19","CENTRAL","50","","","","","","HAY","HAY - YIELD, MEASURED IN TONS / ACRE","TOTAL","NOT SPECIFIED","3.28",""
"SURVEY","1994","YEAR","","AGRICULTURAL DISTRICT","IOWA","19","CENTRAL","50","","","","","","OATS","OATS - YIELD, MEASURED IN BU / ACRE","TOTAL","NOT SPECIFIED","65.4",""
"SURVEY","1994","YEAR","","AGRICULTURAL DISTRICT","IOWA","19","CENTRAL","50","","","","","","SOYBEANS","SOYBEANS - YIELD, MEASURED IN BU / ACRE","TOTAL","NOT SPECIFIED","52.8",""
"SURVEY","1993","YEAR","","AGRICULTURAL DISTRICT","IOWA","19","CENTRAL","50","","","","","","CORN","CORN, GRAIN - YIELD, MEASURED IN BU / ACRE","TOTAL","NOT SPECIFIED","83.3",""
"SURVEY","1993","YEAR","","AGRICULTURAL DISTRICT","IOWA","19","CENTRAL","50","","","","","","HAY","HAY - YIELD, MEASURED IN TONS / ACRE","TOTAL","NOT SPECIFIED","2.21",""
"SURVEY","1993","YEAR","","AGRICULTURAL DISTRICT","IOWA","19","CENTRAL","50","","","","","","OATS","OATS - YIELD, MEASURED IN BU / ACRE","TOTAL","NOT SPECIFIED","39.7",""
"SURVEY","1993","YEAR","","AGRICULTURAL DISTRICT","IOWA","19","CENTRAL","50","","","","","","SOYBEANS","SOYBEANS - YIELD, MEASURED IN BU / ACRE","TOTAL","NOT SPECIFIED","32.4",""
"SURVEY","1992","YEAR","","AGRICULTURAL DISTRICT","IOWA","19","CENTRAL","50","","","","","","CORN","CORN, GRAIN - YIELD, MEASURED IN BU / ACRE","TOTAL","NOT SPECIFIED","156.1",""
"SURVEY","1992","YEAR","","AGRICULTURAL DISTRICT","IOWA","19","CENTRAL","50","","","","","","HAY","HAY - YIELD, MEASURED IN TONS / ACRE","TOTAL","NOT SPECIFIED","3.43",""
"SURVEY","1992","YEAR","","AGRICULTURAL DISTRICT","IOWA","19","CENTRAL","50","","","","","","OATS","OATS - YIELD, MEASURED IN BU / ACRE","TOTAL","NOT SPECIFIED","65.8",""
"SURVEY","1992","YEAR","","AGRICULTURAL DISTRICT","IOWA","19","CENTRAL","50","","","","","","SOYBEANS","SOYBEANS - YIELD, MEASURED IN BU / ACRE","TOTAL","NOT SPECIFIED","45.9",""
"SURVEY","1991","YEAR","","AGRICULTURAL DISTRICT","IOWA","19","CENTRAL","50","","","","","","CORN","CORN, GRAIN - YIELD, MEASURED IN BU / ACRE","TOTAL","NOT SPECIFIED","119.6",""
"SURVEY","1991","YEAR","","AGRICULTURAL DISTRICT","IOWA","19","CENTRAL","50","","","","","","HAY","HAY - YIELD, MEASURED IN TONS / ACRE","TOTAL","NOT SPECIFIED","3.02",""
"SURVEY","1991","YEAR","","AGRICULTURAL DISTRICT","IOWA","19","CENTRAL","50","","","","","","OATS","OATS - YIELD, MEASURED IN BU / ACRE","TOTAL","NOT SPECIFIED","47.4",""
"SURVEY","1991","YEAR","","AGRICULTURAL DISTRICT","IOWA","19","CENTRAL","50","","","","","","SOYBEANS","SOYBEANS - YIELD, MEASURED IN BU / ACRE","TOTAL","NOT SPECIFIED","41.7",""
"SURVEY","1990","YEAR","","AGRICULTURAL DISTRICT","IOWA","19","CENTRAL","50","","","","","","CORN","CORN, GRAIN - YIELD, MEASURED IN BU / ACRE","TOTAL","NOT SPECIFIED","122.7",""
"SURVEY","1990","YEAR","","AGRICULTURAL DISTRICT","IOWA","19","CENTRAL","50","","","","","","HAY","HAY - YIELD, MEASURED IN TONS / ACRE","TOTAL","NOT SPECIFIED","3.41",""
"SURVEY","1990","YEAR","","AGRICULTURAL DISTRICT","IOWA","19","CENTRAL","50","","","","","","OATS","OATS - YIELD, MEASURED IN BU / ACRE","TOTAL","NOT SPECIFIED","67",""
"SURVEY","1990","YEAR","","AGRICULTURAL DISTRICT","IOWA","19","CENTRAL","50","","","","","","SOYBEANS","SOYBEANS - YIELD, MEASURED IN BU / ACRE","TOTAL","NOT SPECIFIED","42",""
"SURVEY","1989","YEAR","","AGRICULTURAL DISTRICT","IOWA","19","CENTRAL","50","","","","","","CORN","CORN, GRAIN - YIELD, MEASURED IN BU / ACRE","TOTAL","NOT SPECIFIED","123.8",""
"SURVEY","1989","YEAR","","AGRICULTURAL DISTRICT","IOWA","19","CENTRAL","50","","","","","","HAY","HAY - YIELD, MEASURED IN TONS / ACRE","TOTAL","NOT SPECIFIED","2.74",""
"SURVEY","1989","YEAR","","AGRICULTURAL DISTRICT","IOWA","19","CENTRAL","50","","","","","","OATS","OATS - YIELD, MEASURED IN BU / ACRE","TOTAL","NOT SPECIFIED","79.1",""
"SURVEY","1989","YEAR","","AGRICULTURAL DISTRICT","IOWA","19","CENTRAL","50","","","","","","SOYBEANS","SOYBEANS - YIELD, MEASURED IN BU / ACRE","TOTAL","NOT SPECIFIED","41.8",""
"SURVEY","1988","YEAR","","AGRICULTURAL DISTRICT","IOWA","19","CENTRAL","50","","","","","","CORN","CORN, GRAIN - YIELD, MEASURED IN BU / ACRE","TOTAL","NOT SPECIFIED","82.7",""
"SURVEY","1988","YEAR","","AGRICULTURAL DISTRICT","IOWA","19","CENTRAL","50","","","","","","HAY","HAY - YIELD, MEASURED IN TONS / ACRE","TOTAL","NOT SPECIFIED","2.37",""
"SURVEY","1988","YEAR","","AGRICULTURAL DISTRICT","IOWA","19","CENTRAL","50","","","","","","OATS","OATS - YIELD, MEASURED IN BU / ACRE","TOTAL","NOT SPECIFIED","53.2",""
"SURVEY","1988","YEAR","","AGRICULTURAL DISTRICT","IOWA","19","CENTRAL","50","","","","","","SOYBEANS","SOYBEANS - YIELD, MEASURED IN BU / ACRE","TOTAL","NOT SPECIFIED","27.5",""
"SURVEY","1987","YEAR","","AGRICULTURAL DISTRICT","IOWA","19","CENTRAL","50","","","","","","CORN","CORN, GRAIN - YIELD, MEASURED IN BU / ACRE","TOTAL","NOT SPECIFIED","141.1",""
"SURVEY","1987","YEAR","","AGRICULTURAL DISTRICT","IOWA","19","CENTRAL","50","","","","","","HAY","HAY - YIELD, MEASURED IN TONS / ACRE","TOTAL","NOT SPECIFIED","3.32",""
"SURVEY","1987","YEAR","","AGRICULTURAL DISTRICT","IOWA","19","CENTRAL","50","","","","","","OATS","OATS - YIELD, MEASURED IN BU / ACRE","TOTAL","NOT SPECIFIED","54.6",""
"SURVEY","1987","YEAR","","AGRICULTURAL DISTRICT","IOWA","19","CENTRAL","50","","","","","","SOYBEANS","SOYBEANS - YIELD, MEASURED IN BU / ACRE","TOTAL","NOT SPECIFIED","47",""
"SURVEY","1986","YEAR","","AGRICULTURAL DISTRICT","IOWA","19","CENTRAL","50","","","","","","CORN","CORN, GRAIN - YIELD, MEASURED IN BU / ACRE","TOTAL","NOT SPECIFIED","134.6",""
"SURVEY","1986","YEAR","","AGRICULTURAL DISTRICT","IOWA","19","CENTRAL","50","","","","","","HAY","HAY - YIELD, MEASURED IN TONS / ACRE","TOTAL","NOT SPECIFIED","3.32",""
"SURVEY","1986","YEAR","","AGRICULTURAL DISTRICT","IOWA","19","CENTRAL","50","","","","","","OATS","OATS - YIELD, MEASURED IN BU / ACRE","TOTAL","NOT SPECIFIED","63.8",""
"SURVEY","1986","YEAR","","AGRICULTURAL DISTRICT","IOWA","19","CENTRAL","50","","","","","","SOYBEANS","SOYBEANS - YIELD, MEASURED IN BU / ACRE","TOTAL","NOT SPECIFIED","42.4",""
"SURVEY","1985","YEAR","","AGRICULTURAL DISTRICT","IOWA","19","CENTRAL","50","","","","","","CORN","CORN, GRAIN - YIELD, MEASURED IN BU / ACRE","TOTAL","NOT SPECIFIED","128.2",""
"SURVEY","1985","YEAR","","AGRICULTURAL DISTRICT","IOWA","19","CENTRAL","50","","","","","","HAY","HAY - YIELD, MEASURED IN TONS / ACRE","TOTAL","NOT SPECIFIED","3.12",""
"SURVEY","1985","YEAR","","AGRICULTURAL DISTRICT","IOWA","19","CENTRAL","50","","","","","","OATS","OATS - YIELD, MEASURED IN BU / ACRE","TOTAL","NOT SPECIFIED","80.7",""
"SURVEY","1985","YEAR","","AGRICULTURAL DISTRICT","IOWA","19","CENTRAL","50","","","","","","SOYBEANS","SOYBEANS - YIELD, MEASURED IN BU / ACRE","TOTAL","NOT SPECIFIED","39.2",""
"SURVEY","1984","YEAR","","AGRICULTURAL DISTRICT","IOWA","19","CENTRAL","50","","","","","","CORN","CORN, GRAIN - YIELD, MEASURED IN BU / ACRE","TOTAL","NOT SPECIFIED","118.2",""
"SURVEY","1984","YEAR","","AGRICULTURAL DISTRICT","IOWA","19","CENTRAL","50","","","","","","HAY","HAY - YIELD, MEASURED IN TONS / ACRE","TOTAL","NOT SPECIFIED","3.83",""
"SURVEY","1984","YEAR","","AGRICULTURAL DISTRICT","IOWA","19","CENTRAL","50","","","","","","OATS","OATS - YIELD, MEASURED IN BU / ACRE","TOTAL","NOT SPECIFIED","65.8",""
"SURVEY","1984","YEAR","","AGRICULTURAL DISTRICT","IOWA","19","CENTRAL","50","","","","","","SOYBEANS","SOYBEANS - YIELD, MEASURED IN BU / ACRE","TOTAL","NOT SPECIFIED","33.9",""
"SURVEY","1983","YEAR","","AGRICULTURAL DISTRICT","IOWA","19","CENTRAL","50","","","","","","CORN","CORN, GRAIN - YIELD, MEASURED IN BU / ACRE","TOTAL","NOT SPECIFIED","103.5",""
"SURVEY","1983","YEAR","","AGRICULTURAL DISTRICT","IOWA","19","CENTRAL","50","","","","","","HAY","HAY - YIELD, MEASURED IN TONS / ACRE","TOTAL","NOT SPECIFIED","2.81",""
"SURVEY","1983","YEAR","","AGRICULTURAL DISTRICT","IOWA","19","CENTRAL","50","","","","","","OATS","OATS - YIELD, MEASURED IN BU / ACRE","TOTAL","NOT SPECIFIED","50.6",""
"SURVEY","1983","YEAR","","AGRICULTURAL DISTRICT","IOWA","19","CENTRAL","50","","","","","","SOYBEANS","SOYBEANS - YIELD, MEASURED IN BU / ACRE","TOTAL","NOT SPECIFIED","39.6",""
"SURVEY","1982","YEAR","","AGRICULTURAL DISTRICT","IOWA","19","CENTRAL","50","","","","","","CORN","CORN, GRAIN - YIELD, MEASURED IN BU / ACRE","TOTAL","NOT SPECIFIED","128.1",""
"SURVEY","1982","YEAR","","AGRICULTURAL DISTRICT","IOWA","19","CENTRAL","50","","","","","","HAY","HAY - YIELD, MEASURED IN TONS / ACRE","TOTAL","NOT SPECIFIED","3.75",""
"SURVEY","1982","YEAR","","AGRICULTURAL DISTRICT","IOWA","19","CENTRAL","50","","","","","","OATS","OATS - YIELD, MEASURED IN BU / ACRE","TOTAL","NOT SPECIFIED","58.4",""
"SURVEY","1982","YEAR","","AGRICULTURAL DISTRICT","IOWA","19","CENTRAL","50","","","","","","SOYBEANS","SOYBEANS - YIELD, MEASURED IN BU / ACRE","TOTAL","NOT SPECIFIED","38.8",""
"SURVEY","1981","YEAR","","AGRICULTURAL DISTRICT","IOWA","19","CENTRAL","50","","","","","","CORN","CORN, GRAIN - YIELD, MEASURED IN BU / ACRE","TOTAL","NOT SPECIFIED","129.5",""
"SURVEY","1981","YEAR","","AGRICULTURAL DISTRICT","IOWA","19","CENTRAL","50","","","","","","HAY","HAY - YIELD, MEASURED IN TONS / ACRE","TOTAL","NOT SPECIFIED","3.91",""
"SURVEY","1981","YEAR","","AGRICULTURAL DISTRICT","IOWA","19","CENTRAL","50","","","","","","OATS","OATS - YIELD, MEASURED IN BU / ACRE","TOTAL","NOT SPECIFIED","62.1",""
"SURVEY","1981","YEAR","","AGRICULTURAL DISTRICT","IOWA","19","CENTRAL","50","","","","","","SOYBEANS","SOYBEANS - YIELD, MEASURED IN BU / ACRE","TOTAL","NOT SPECIFIED","43.5",""
"SURVEY","1980","YEAR","","AGRICULTURAL DISTRICT","IOWA","19","CENTRAL","50","","","","","","CORN","CORN, GRAIN - YIELD, MEASURED IN BU / ACRE","TOTAL","NOT SPECIFIED","116",""
"SURVEY","1980","YEAR","","AGRICULTURAL DISTRICT","IOWA","19","CENTRAL","50","","","","","","OATS","OATS - YIELD, MEASURED IN BU / ACRE","TOTAL","NOT SPECIFIED","65.7",""
"SURVEY","1980","YEAR","","AGRICULTURAL DISTRICT","IOWA","19","CENTRAL","50","","","","","","SOYBEANS","SOYBEANS - YIELD, MEASURED IN BU / ACRE","TOTAL","NOT SPECIFIED","42.1",""
"SURVEY","1979","YEAR","","AGRICULTURAL DISTRICT","IOWA","19","CENTRAL","50","","","","","","CORN","CORN, GRAIN - YIELD, MEASURED IN BU / ACRE","TOTAL","NOT SPECIFIED","135.3",""
"SURVEY","1979","YEAR","","AGRICULTURAL DISTRICT","IOWA","19","CENTRAL","50","","","","","","OATS","OATS - YIELD, MEASURED IN BU / ACRE","TOTAL","NOT SPECIFIED","63.6",""
"SURVEY","1979","YEAR","","AGRICULTURAL DISTRICT","IOWA","19","CENTRAL","50","","","","","","SOYBEANS","SOYBEANS - YIELD, MEASURED IN BU / ACRE","TOTAL","NOT SPECIFIED","39.9",""
"SURVEY","1978","YEAR","","AGRICULTURAL DISTRICT","IOWA","19","CENTRAL","50","","","","","","CORN","CORN, GRAIN - YIELD, MEASURED IN BU / ACRE","TOTAL","NOT SPECIFIED","116.1",""
"SURVEY","1978","YEAR","","AGRICULTURAL DISTRICT","IOWA","19","CENTRAL","50","","","","","","OATS","OATS - YIELD, MEASURED IN BU / ACRE","TOTAL","NOT SPECIFIED","58.3",""
"SURVEY","1978","YEAR","","AGRICULTURAL DISTRICT","IOWA","19","CENTRAL","50","","","","","","SOYBEANS","SOYBEANS - YIELD, MEASURED IN BU / ACRE","TOTAL","NOT SPECIFIED","40.2",""
"SURVEY","1977","YEAR","","AGRICULTURAL DISTRICT","IOWA","19","CENTRAL","50","","","","","","CORN","CORN, GRAIN - YIELD, MEASURED IN BU / ACRE","TOTAL","NOT SPECIFIED","65.7",""
"SURVEY","1977","YEAR","","AGRICULTURAL DISTRICT","IOWA","19","CENTRAL","50","","","","","","OATS","OATS - YIELD, MEASURED IN BU / ACRE","TOTAL","NOT SPECIFIED","56.4",""
"SURVEY","1977","YEAR","","AGRICULTURAL DISTRICT","IOWA","19","CENTRAL","50","","","","","","SOYBEANS","SOYBEANS - YIELD, MEASURED IN BU / ACRE","TOTAL","NOT SPECIFIED","31.2",""
"SURVEY","1976","YEAR","","AGRICULTURAL DISTRICT","IOWA","19","CENTRAL","50","","","","","","CORN","CORN, GRAIN - YIELD, MEASURED IN BU / ACRE","TOTAL","NOT SPECIFIED","103.6",""
"SURVEY","1976","YEAR","","AGRICULTURAL DISTRICT","IOWA","19","CENTRAL","50","","","","","","OATS","OATS - YIELD, MEASURED IN BU / ACRE","TOTAL","NOT SPECIFIED","59",""
"SURVEY","1976","YEAR","","AGRICULTURAL DISTRICT","IOWA","19","CENTRAL","50","","","","","","SOYBEANS","SOYBEANS - YIELD, MEASURED IN BU / ACRE","TOTAL","NOT SPECIFIED","32.6",""
"SURVEY","1975","YEAR","","AGRICULTURAL DISTRICT","IOWA","19","CENTRAL","50","","","","","","CORN","CORN, GRAIN - YIELD, MEASURED IN BU / ACRE","TOTAL","NOT SPECIFIED","98.4",""
"SURVEY","1975","YEAR","","AGRICULTURAL DISTRICT","IOWA","19","CENTRAL","50","","","","","","OATS","OATS - YIELD, MEASURED IN BU / ACRE","TOTAL","NOT SPECIFIED","49.5",""
"SURVEY","1975","YEAR","","AGRICULTURAL DISTRICT","IOWA","19","CENTRAL","50","","","","","","SOYBEANS","SOYBEANS - YIELD, MEASURED IN BU / ACRE","TOTAL","NOT SPECIFIED","35",""
"SURVEY","1974","YEAR","","AGRICULTURAL DISTRICT","IOWA","19","CENTRAL","50","","","","","","CORN","CORN, GRAIN - YIELD, MEASURED IN BU / ACRE","TOTAL","NOT SPECIFIED","95.4",""
"SURVEY","1974","YEAR","","AGRICULTURAL DISTRICT","IOWA","19","CENTRAL","50","","","","","","OATS","OATS - YIELD, MEASURED IN BU / ACRE","TOTAL","NOT SPECIFIED","57",""
"SURVEY","1974","YEAR","","AGRICULTURAL DISTRICT","IOWA","19","CENTRAL","50","","","","","","SOYBEANS","SOYBEANS - YIELD, MEASURED IN BU / ACRE","TOTAL","NOT SPECIFIED","28.7",""
"SURVEY","1973","YEAR","","AGRICULTURAL DISTRICT","IOWA","19","CENTRAL","50","","","","","","CORN","CORN, GRAIN - YIELD, MEASURED IN BU / ACRE","TOTAL","NOT SPECIFIED","113.3",""
"SURVEY","1973","YEAR","","AGRICULTURAL DISTRICT","IOWA","19","CENTRAL","50","","","","","","OATS","OATS - YIELD, MEASURED IN BU / ACRE","TOTAL","NOT SPECIFIED","51.5",""
"SURVEY","1973","YEAR","","AGRICULTURAL DISTRICT","IOWA","19","CENTRAL","50","","","","","","SOYBEANS","SOYBEANS - YIELD, MEASURED IN BU / ACRE","TOTAL","NOT SPECIFIED","36.4",""
"SURVEY","1972","YEAR","","AGRICULTURAL DISTRICT","IOWA","19","CENTRAL","50","","","","","","CORN","CORN, GRAIN - YIELD, MEASURED IN BU / ACRE","TOTAL","NOT SPECIFIED","124.5",""
"SURVEY","1972","YEAR","","AGRICULTURAL DISTRICT","IOWA","19","CENTRAL","50","","","","","","OATS","OATS - YIELD, MEASURED IN BU / ACRE","TOTAL","NOT SPECIFIED","61",""
"SURVEY","1972","YEAR","","AGRICULTURAL DISTRICT","IOWA","19","CENTRAL","50","","","","","","SOYBEANS","SOYBEANS - YIELD, MEASURED IN BU / ACRE","TOTAL","NOT SPECIFIED","37.3",""
"SURVEY","1971","YEAR","","AGRICULTURAL DISTRICT","IOWA","19","CENTRAL","50","","","","","","CORN","CORN, GRAIN - YIELD, MEASURED IN BU / ACRE","TOTAL","NOT SPECIFIED","108.8",""
"SURVEY","1971","YEAR","","AGRICULTURAL DISTRICT","IOWA","19","CENTRAL","50","","","","","","SOYBEANS","SOYBEANS - YIELD, MEASURED IN BU / ACRE","TOTAL","NOT SPECIFIED","34.6",""
"SURVEY","1970","YEAR","","AGRICULTURAL DISTRICT","IOWA","19","CENTRAL","50","","","","","","CORN","CORN, GRAIN - YIELD, MEASURED IN BU / ACRE","TOTAL","NOT SPECIFIED","98.6",""
"SURVEY","1970","YEAR","","AGRICULTURAL DISTRICT","IOWA","19","CENTRAL","50","","","","","","SOYBEANS","SOYBEANS - YIELD, MEASURED IN BU / ACRE","TOTAL","NOT SPECIFIED","36.3",""
"SURVEY","1969","YEAR","","AGRICULTURAL DISTRICT","IOWA","19","CENTRAL","50","","","","","","CORN","CORN, GRAIN - YIELD, MEASURED IN BU / ACRE","TOTAL","NOT SPECIFIED","101.8",""
"SURVEY","1969","YEAR","","AGRICULTURAL DISTRICT","IOWA","19","CENTRAL","50","","","","","","SOYBEANS","SOYBEANS - YIELD, MEASURED IN BU / ACRE","TOTAL","NOT SPECIFIED","33.5",""
"SURVEY","1968","YEAR","","AGRICULTURAL DISTRICT","IOWA","19","CENTRAL","50","","","","","","CORN","CORN, GRAIN - YIELD, MEASURED IN BU / ACRE","TOTAL","NOT SPECIFIED","103.2",""
"SURVEY","1968","YEAR","","AGRICULTURAL DISTRICT","IOWA","19","CENTRAL","50","","","","","","SOYBEANS","SOYBEANS - YIELD, MEASURED IN BU / ACRE","TOTAL","NOT SPECIFIED","35.8",""
"SURVEY","1967","YEAR","","AGRICULTURAL DISTRICT","IOWA","19","CENTRAL","50","","","","","","CORN","CORN, GRAIN - YIELD, MEASURED IN BU / ACRE","TOTAL","NOT SPECIFIED","94.9",""
"SURVEY","1967","YEAR","","AGRICULTURAL DISTRICT","IOWA","19","CENTRAL","50","","","","","","SOYBEANS","SOYBEANS - YIELD, MEASURED IN BU / ACRE","TOTAL","NOT SPECIFIED","30.7",""
"SURVEY","1966","YEAR","","AGRICULTURAL DISTRICT","IOWA","19","CENTRAL","50","","","","","","CORN","CORN, GRAIN - YIELD, MEASURED IN BU / ACRE","TOTAL","NOT SPECIFIED","94",""
"SURVEY","1966","YEAR","","AGRICULTURAL DISTRICT","IOWA","19","CENTRAL","50","","","","","","SOYBEANS","SOYBEANS - YIELD, MEASURED IN BU / ACRE","TOTAL","NOT SPECIFIED","30.5",""
"SURVEY","1965","YEAR","","AGRICULTURAL DISTRICT","IOWA","19","CENTRAL","50","","","","","","CORN","CORN, GRAIN - YIELD, MEASURED IN BU / ACRE","TOTAL","NOT SPECIFIED","86.8",""
"SURVEY","1965","YEAR","","AGRICULTURAL DISTRICT","IOWA","19","CENTRAL","50","","","","","","SOYBEANS","SOYBEANS - YIELD, MEASURED IN BU / ACRE","TOTAL","NOT SPECIFIED","27.4",""
"SURVEY","1964","YEAR","","AGRICULTURAL DISTRICT","IOWA","19","CENTRAL","50","","","","","","CORN","CORN, GRAIN - YIELD, MEASURED IN BU / ACRE","TOTAL","NOT SPECIFIED","87.4",""
"SURVEY","1964","YEAR","","AGRICULTURAL DISTRICT","IOWA","19","CENTRAL","50","","","","","","SOYBEANS","SOYBEANS - YIELD, MEASURED IN BU / ACRE","TOTAL","NOT SPECIFIED","30.6",""
"SURVEY","1963","YEAR","","AGRICULTURAL DISTRICT","IOWA","19","CENTRAL","50","","","","","","CORN","CORN, GRAIN - YIELD, MEASURED IN BU / ACRE","TOTAL","NOT SPECIFIED","86.8",""
"SURVEY","1963","YEAR","","AGRICULTURAL DISTRICT","IOWA","19","CENTRAL","50","","","","","","SOYBEANS","SOYBEANS - YIELD, MEASURED IN BU / ACRE","TOTAL","NOT SPECIFIED","31.8",""
"SURVEY","1962","YEAR","","AGRICULTURAL DISTRICT","IOWA","19","CENTRAL","50","","","","","","CORN","CORN, GRAIN - YIELD, MEASURED IN BU / ACRE","TOTAL","NOT SPECIFIED","83.8",""
"SURVEY","1962","YEAR","","AGRICULTURAL DISTRICT","IOWA","19","CENTRAL","50","","","","","","SOYBEANS","SOYBEANS - YIELD, MEASURED IN BU / ACRE","TOTAL","NOT SPECIFIED","29.4",""
"SURVEY","1961","YEAR","","AGRICULTURAL DISTRICT","IOWA","19","CENTRAL","50","","","","","","CORN","CORN, GRAIN - YIELD, MEASURED IN BU / ACRE","TOTAL","NOT SPECIFIED","79.9",""
"SURVEY","1961","YEAR","","AGRICULTURAL DISTRICT","IOWA","19","CENTRAL","50","","","","","","SOYBEANS","SOYBEANS - YIELD, MEASURED IN BU / ACRE","TOTAL","NOT SPECIFIED","30.2",""
"SURVEY","1960","YEAR","","AGRICULTURAL DISTRICT","IOWA","19","CENTRAL","50","","","","","","CORN","CORN, GRAIN - YIELD, MEASURED IN BU / ACRE","TOTAL","NOT SPECIFIED","68.6",""
"SURVEY","1960","YEAR","","AGRICULTURAL DISTRICT","IOWA","19","CENTRAL","50","","","","","","SOYBEANS","SOYBEANS - YIELD, MEASURED IN BU / ACRE","TOTAL","NOT SPECIFIED","28.5",""
"SURVEY","1959","YEAR","","AGRICULTURAL DISTRICT","IOWA","19","CENTRAL","50","","","","","","CORN","CORN, GRAIN - YIELD, MEASURED IN BU / ACRE","TOTAL","NOT SPECIFIED","71.9",""
"SURVEY","1959","YEAR","","AGRICULTURAL DISTRICT","IOWA","19","CENTRAL","50","","","","","","SOYBEANS","SOYBEANS - YIELD, MEASURED IN BU / ACRE","TOTAL","NOT SPECIFIED","29",""
"SURVEY","1958","YEAR","","AGRICULTURAL DISTRICT","IOWA","19","CENTRAL","50","","","","","","CORN","CORN, GRAIN - YIELD, MEASURED IN BU / ACRE","TOTAL","NOT SPECIFIED","72.6",""
"SURVEY","1958","YEAR","","AGRICULTURAL DISTRICT","IOWA","19","CENTRAL","50","","","","","","SOYBEANS","SOYBEANS - YIELD, MEASURED IN BU / ACRE","TOTAL","NOT SPECIFIED","28.3",""
"SURVEY","1957","YEAR","","AGRICULTURAL DISTRICT","IOWA","19","CENTRAL","50","","","","","","CORN","CORN, GRAIN - YIELD, MEASURED IN BU / ACRE","TOTAL","NOT SPECIFIED","69.1",""
"SURVEY","1957","YEAR","","AGRICULTURAL DISTRICT","IOWA","19","CENTRAL","50","","","","","","SOYBEANS","SOYBEANS - YIELD, MEASURED IN BU / ACRE","TOTAL","NOT SPECIFIED","29.8",""
"SURVEY","1956","YEAR","","AGRICULTURAL DISTRICT","IOWA","19","CENTRAL","50","","","","","","CORN","CORN, GRAIN - YIELD, MEASURED IN BU / ACRE","TOTAL","NOT SPECIFIED","52",""
"SURVEY","1956","YEAR","","AGRICULTURAL DISTRICT","IOWA","19","CENTRAL","50","","","","","","SOYBEANS","SOYBEANS - YIELD, MEASURED IN BU / ACRE","TOTAL","NOT SPECIFIED","20.5",""
"SURVEY","1955","YEAR","","AGRICULTURAL DISTRICT","IOWA","19","CENTRAL","50","","","","","","CORN","CORN, GRAIN - YIELD, MEASURED IN BU / ACRE","TOTAL","NOT SPECIFIED","54.4",""
"SURVEY","1955","YEAR","","AGRICULTURAL DISTRICT","IOWA","19","CENTRAL","50","","","","","","SOYBEANS","SOYBEANS - YIELD, MEASURED IN BU / ACRE","TOTAL","NOT SPECIFIED","21.8",""
"SURVEY","1954","YEAR","","AGRICULTURAL DISTRICT","IOWA","19","CENTRAL","50","","","","","","CORN","CORN, GRAIN - YIELD, MEASURED IN BU / ACRE","TOTAL","NOT SPECIFIED","56.8",""
"SURVEY","1954","YEAR","","AGRICULTURAL DISTRICT","IOWA","19","CENTRAL","50","","","","","","SOYBEANS","SOYBEANS - YIELD, MEASURED IN BU / ACRE","TOTAL","NOT SPECIFIED","28.4",""
"SURVEY","1953","YEAR","","AGRICULTURAL DISTRICT","IOWA","19","CENTRAL","50","","","","","","CORN","CORN, GRAIN - YIELD, MEASURED IN BU / ACRE","TOTAL","NOT SPECIFIED","56.1",""
"SURVEY","1953","YEAR","","AGRICULTURAL DISTRICT","IOWA","19","CENTRAL","50","","","","","","SOYBEANS","SOYBEANS - YIELD, MEASURED IN BU / ACRE","TOTAL","NOT SPECIFIED","23.2",""
"SURVEY","1952","YEAR","","AGRICULTURAL DISTRICT","IOWA","19","CENTRAL","50","","","","","","CORN","CORN, GRAIN - YIELD, MEASURED IN BU / ACRE","TOTAL","NOT SPECIFIED","67.3",""
"SURVEY","1952","YEAR","","AGRICULTURAL DISTRICT","IOWA","19","CENTRAL","50","","","","","","SOYBEANS","SOYBEANS - YIELD, MEASURED IN BU / ACRE","TOTAL","NOT SPECIFIED","27.9",""
"SURVEY","1951","YEAR","","AGRICULTURAL DISTRICT","IOWA","19","CENTRAL","50","","","","","","CORN","CORN, GRAIN - YIELD, MEASURED IN BU / ACRE","TOTAL","NOT SPECIFIED","49.3",""
"SURVEY","1951","YEAR","","AGRICULTURAL DISTRICT","IOWA","19","CENTRAL","50","","","","","","SOYBEANS","SOYBEANS - YIELD, MEASURED IN BU / ACRE","TOTAL","NOT SPECIFIED","24.4",""
"SURVEY","1950","YEAR","","AGRICULTURAL DISTRICT","IOWA","19","CENTRAL","50","","","","","","CORN","CORN, GRAIN - YIELD, MEASURED IN BU / ACRE","TOTAL","NOT SPECIFIED","50.4",""
"SURVEY","1950","YEAR","","AGRICULTURAL DISTRICT","IOWA","19","CENTRAL","50","","","","","","SOYBEANS","SOYBEANS - YIELD, MEASURED IN BU / ACRE","TOTAL","NOT SPECIFIED","22.8",""
"SURVEY","1949","YEAR","","AGRICULTURAL DISTRICT","IOWA","19","CENTRAL","50","","","","","","CORN","CORN, GRAIN - YIELD, MEASURED IN BU / ACRE","TOTAL","NOT SPECIFIED","46.8",""
"SURVEY","1949","YEAR","","AGRICULTURAL DISTRICT","IOWA","19","CENTRAL","50","","","","","","SOYBEANS","SOYBEANS - YIELD, MEASURED IN BU / ACRE","TOTAL","NOT SPECIFIED","24.3",""
"SURVEY","1948","YEAR","","AGRICULTURAL DISTRICT","IOWA","19","CENTRAL","50","","","","","","CORN","CORN, GRAIN - YIELD, MEASURED IN BU / ACRE","TOTAL","NOT SPECIFIED","64.9",""
"SURVEY","1948","YEAR","","AGRICULTURAL DISTRICT","IOWA","19","CENTRAL","50","","","","","","SOYBEANS","SOYBEANS - YIELD, MEASURED IN BU / ACRE","TOTAL","NOT SPECIFIED","25.1",""
"SURVEY","1947","YEAR","","AGRICULTURAL DISTRICT","IOWA","19","CENTRAL","50","","","","","","CORN","CORN, GRAIN - YIELD, MEASURED IN BU / ACRE","TOTAL","NOT SPECIFIED","29.2",""
"SURVEY","1947","YEAR","","AGRICULTURAL DISTRICT","IOWA","19","CENTRAL","50","","","","","","SOYBEANS","SOYBEANS - YIELD, MEASURED IN BU / ACRE","TOTAL","NOT SPECIFIED","16.7",""
"SURVEY","1946","YEAR","","AGRICULTURAL DISTRICT","IOWA","19","CENTRAL","50","","","","","","CORN","CORN, GRAIN - YIELD, MEASURED IN BU / ACRE","TOTAL","NOT SPECIFIED","63.3",""
"SURVEY","1946","YEAR","","AGRICULTURAL DISTRICT","IOWA","19","CENTRAL","50","","","","","","SOYBEANS","SOYBEANS - YIELD, MEASURED IN BU / ACRE","TOTAL","NOT SPECIFIED","27",""
"SURVEY","1945","YEAR","","AGRICULTURAL DISTRICT","IOWA","19","CENTRAL","50","","","","","","CORN","CORN, GRAIN - YIELD, MEASURED IN BU / ACRE","TOTAL","NOT SPECIFIED","50.1",""
"SURVEY","1945","YEAR","","AGRICULTURAL DISTRICT","IOWA","19","CENTRAL","50","","","","","","SOYBEANS","SOYBEANS - YIELD, MEASURED IN BU / ACRE","TOTAL","NOT SPECIFIED","20.9",""
"SURVEY","1944","YEAR","","AGRICULTURAL DISTRICT","IOWA","19","CENTRAL","50","","","","","","CORN","CORN, GRAIN - YIELD, MEASURED IN BU / ACRE","TOTAL","NOT SPECIFIED","52.9",""
"SURVEY","1944","YEAR","","AGRICULTURAL DISTRICT","IOWA","19","CENTRAL","50","","","","","","SOYBEANS","SOYBEANS - YIELD, MEASURED IN BU / ACRE","TOTAL","NOT SPECIFIED","20.8",""
"SURVEY","1943","YEAR","","AGRICULTURAL DISTRICT","IOWA","19","CENTRAL","50","","","","","","CORN","CORN, GRAIN - YIELD, MEASURED IN BU / ACRE","TOTAL","NOT SPECIFIED","61.5",""
"SURVEY","1943","YEAR","","AGRICULTURAL DISTRICT","IOWA","19","CENTRAL","50","","","","","","SOYBEANS","SOYBEANS - YIELD, MEASURED IN BU / ACRE","TOTAL","NOT SPECIFIED","22.1",""
"SURVEY","1942","YEAR","","AGRICULTURAL DISTRICT","IOWA","19","CENTRAL","50","","","","","","CORN","CORN, GRAIN - YIELD, MEASURED IN BU / ACRE","TOTAL","NOT SPECIFIED","66.5",""
"SURVEY","1942","YEAR","","AGRICULTURAL DISTRICT","IOWA","19","CENTRAL","50","","","","","","SOYBEANS","SOYBEANS - YIELD, MEASURED IN BU / ACRE","TOTAL","NOT SPECIFIED","21.8",""
"SURVEY","1941","YEAR","","AGRICULTURAL DISTRICT","IOWA","19","CENTRAL","50","","","","","","CORN","CORN, GRAIN - YIELD, MEASURED IN BU / ACRE","TOTAL","NOT SPECIFIED","57.2",""
"SURVEY","1941","YEAR","","AGRICULTURAL DISTRICT","IOWA","19","CENTRAL","50","","","","","","SOYBEANS","SOYBEANS - YIELD, MEASURED IN BU / ACRE","TOTAL","NOT SPECIFIED","19.1",""
"SURVEY","1940","YEAR","","AGRICULTURAL DISTRICT","IOWA","19","CENTRAL","50","","","","","","CORN","CORN, GRAIN - YIELD, MEASURED IN BU / ACRE","TOTAL","NOT SPECIFIED","57.9",""
"SURVEY","1940","YEAR","","AGRICULTURAL DISTRICT","IOWA","19","CENTRAL","50","","","","","","SOYBEANS","SOYBEANS - YIELD, MEASURED IN BU / ACRE","TOTAL","NOT SPECIFIED","21.7",""
"SURVEY","1939","YEAR","","AGRICULTURAL DISTRICT","IOWA","19","CENTRAL","50","","","","","","CORN","CORN, GRAIN - YIELD, MEASURED IN BU / ACRE","TOTAL","NOT SPECIFIED","59.3",""
"SURVEY","1939","YEAR","","AGRICULTURAL DISTRICT","IOWA","19","CENTRAL","50","","","","","","SOYBEANS","SOYBEANS - YIELD, MEASURED IN BU / ACRE","TOTAL","NOT SPECIFIED","21.6",""
"SURVEY","1938","YEAR","","AGRICULTURAL DISTRICT","IOWA","19","CENTRAL","50","","","","","","CORN","CORN, GRAIN - YIELD, MEASURED IN BU / ACRE","TOTAL","NOT SPECIFIED","53.5",""
"SURVEY","1938","YEAR","","AGRICULTURAL DISTRICT","IOWA","19","CENTRAL","50","","","","","","SOYBEANS","SOYBEANS - YIELD, MEASURED IN BU / ACRE","TOTAL","NOT SPECIFIED","22.4",""
"SURVEY","1937","YEAR","","AGRICULTURAL DISTRICT","IOWA","19","CENTRAL","50","","","","","","CORN","CORN, GRAIN - YIELD, MEASURED IN BU / ACRE","TOTAL","NOT SPECIFIED","55.4",""
"SURVEY","1937","YEAR","","AGRICULTURAL DISTRICT","IOWA","19","CENTRAL","50","","","","","","SOYBEANS","SOYBEANS - YIELD, MEASURED IN BU / ACRE","TOTAL","NOT SPECIFIED","21.7",""
"SURVEY","1936","YEAR","","AGRICULTURAL DISTRICT","IOWA","19","CENTRAL","50","","","","","","CORN","CORN, GRAIN - YIELD, MEASURED IN BU / ACRE","TOTAL","NOT SPECIFIED","24.7",""
"SURVEY","1936","YEAR","","AGRICULTURAL DISTRICT","IOWA","19","CENTRAL","50","","","","","","SOYBEANS","SOYBEANS - YIELD, MEASURED IN BU / ACRE","TOTAL","NOT SPECIFIED","16",""
"SURVEY","1935","YEAR","","AGRICULTURAL DISTRICT","IOWA","19","CENTRAL","50","","","","","","CORN","CORN, GRAIN - YIELD, MEASURED IN BU / ACRE","TOTAL","NOT SPECIFIED","43.3",""
"SURVEY","1935","YEAR","","AGRICULTURAL DISTRICT","IOWA","19","CENTRAL","50","","","","","","SOYBEANS","SOYBEANS - YIELD, MEASURED IN BU / ACRE","TOTAL","NOT SPECIFIED","18.3",""
"SURVEY","1934","YEAR","","AGRICULTURAL DISTRICT","IOWA","19","CENTRAL","50","","","","","","CORN","CORN, GRAIN - YIELD, MEASURED IN BU / ACRE","TOTAL","NOT SPECIFIED","43.3",""
"SURVEY","1934","YEAR","","AGRICULTURAL DISTRICT","IOWA","19","CENTRAL","50","","","","","","SOYBEANS","SOYBEANS - YIELD, MEASURED IN BU / ACRE","TOTAL","NOT SPECIFIED","12.9",""
"SURVEY","1933","YEAR","","AGRICULTURAL DISTRICT","IOWA","19","CENTRAL","50","","","","","","CORN","CORN, GRAIN - YIELD, MEASURED IN BU / ACRE","TOTAL","NOT SPECIFIED","44",""
"SURVEY","1933","YEAR","","AGRICULTURAL DISTRICT","IOWA","19","CENTRAL","50","","","","","","SOYBEANS","SOYBEANS - YIELD, MEASURED IN BU / ACRE","TOTAL","NOT SPECIFIED","19.1",""
"SURVEY","1932","YEAR","","AGRICULTURAL DISTRICT","IOWA","19","CENTRAL","50","","","","","","CORN","CORN, GRAIN - YIELD, MEASURED IN BU / ACRE","TOTAL","NOT SPECIFIED","46.1",""
"SURVEY","1932","YEAR","","AGRICULTURAL DISTRICT","IOWA","19","CENTRAL","50","","","","","","SOYBEANS","SOYBEANS - YIELD, MEASURED IN BU / ACRE","TOTAL","NOT SPECIFIED","20.5",""
"SURVEY","1931","YEAR","","AGRICULTURAL DISTRICT","IOWA","19","CENTRAL","50","","","","","","CORN","CORN, GRAIN - YIELD, MEASURED IN BU / ACRE","TOTAL","NOT SPECIFIED","38.5",""
"SURVEY","1931","YEAR","","AGRICULTURAL DISTRICT","IOWA","19","CENTRAL","50","","","","","","SOYBEANS","SOYBEANS - YIELD, MEASURED IN BU / ACRE","TOTAL","NOT SPECIFIED","16.8",""
"SURVEY","1930","YEAR","","AGRICULTURAL DISTRICT","IOWA","19","CENTRAL","50","","","","","","CORN","CORN, GRAIN - YIELD, MEASURED IN BU / ACRE","TOTAL","NOT SPECIFIED","33.9",""
"SURVEY","1930","YEAR","","AGRICULTURAL DISTRICT","IOWA","19","CENTRAL","50","","","","","","SOYBEANS","SOYBEANS - YIELD, MEASURED IN BU / ACRE","TOTAL","NOT SPECIFIED","16.8",""
"SURVEY","1929","YEAR","","AGRICULTURAL DISTRICT","IOWA","19","CENTRAL","50","","","","","","CORN","CORN, GRAIN - YIELD, MEASURED IN BU / ACRE","TOTAL","NOT SPECIFIED","42.8",""
"SURVEY","1929","YEAR","","AGRICULTURAL DISTRICT","IOWA","19","CENTRAL","50","","","","","","SOYBEANS","SOYBEANS - YIELD, MEASURED IN BU / ACRE","TOTAL","NOT SPECIFIED","19.8",""
"SURVEY","1928","YEAR","","AGRICULTURAL DISTRICT","IOWA","19","CENTRAL","50","","","","","","CORN","CORN, GRAIN - YIELD, MEASURED IN BU / ACRE","TOTAL","NOT SPECIFIED","45.1",""
"SURVEY","1928","YEAR","","AGRICULTURAL DISTRICT","IOWA","19","CENTRAL","50","","","","","","SOYBEANS","SOYBEANS - YIELD, MEASURED IN BU / ACRE","TOTAL","NOT SPECIFIED","19.1",""
"SURVEY","1927","YEAR","","AGRICULTURAL DISTRICT","IOWA","19","CENTRAL","50","","","","","","CORN","CORN, GRAIN - YIELD, MEASURED IN BU / ACRE","TOTAL","NOT SPECIFIED","38.9",""
"SURVEY","1927","YEAR","","AGRICULTURAL DISTRICT","IOWA","19","CENTRAL","50","","","","","","SOYBEANS","SOYBEANS - YIELD, MEASURED IN BU / ACRE","TOTAL","NOT SPECIFIED","16.8",""
"SURVEY","1926","YEAR","","AGRICULTURAL DISTRICT","IOWA","19","CENTRAL","50","","","","","","CORN","CORN, GRAIN - YIELD, MEASURED IN BU / ACRE","TOTAL","NOT SPECIFIED","42.8",""
