".id","Variable","Thompson1","Thompson2","Thompson3","Thompson4","Thompson5","Boone1","Boone2"
"2012","Crop","Corn","SB","Corn","Oats","Hay","Corn","SB"
"2012","Yield Per Acre. Bu./#","161.08","46.22","189.66","105.63","13646.00","147.10","45.20"
"2012","Price, Bu./#","7.40","13.25","7.40","3.80","0.09","7.40","13.25"
"2012","Crop Income","1191.99","612.42","1403.48","401.58","1228.14","1088.54","598.90"
"2012","Straw Income","0.00","0.00","0.00","174.15","0.00","0.00","0.00"
"2012","Pasture/Stubble","0.00","0.00","0.00","64.62","0.00","0.00","0.00"
"2012","Residue Income","194.48","46.54","159.12","0.00","0.00","0.00","0.00"
"2012","Total Income $/A","1386.47","658.96","1562.60","640.35","1228.14","1088.54","598.90"
"2012","Misc. Expense Per Acre","10.00","10.00","10.00","5.00","5.00","9.00","10.00"
"2012","Crop Ins.","0.00","0.00","0.00","0.00","0.00","22.50","15.50"
"2012","Interest","0.00","0.00","0.00","0.00","0.00","12.74","7.73"
"2012","Land Change","257.00","257.00","257.00","257.00","257.00","257.00","257.00"
"2012","Cover Crop","0.00","0.00","0.00","0.00","0.00","0.00","0.00"
"2012","Chop Stks.C.c.","0.00","0.00","0.00","0.00","0.00","0.00","11.05"
"2012","Apply NH4","0.00","0.00","0.00","0.00","0.00","11.50","0.00"
"2012","Fall Tillage","16.10","0.00","0.00","16.78","16.78","0.00","39.45"
"2012","Spring Tillage","24.60","0.00","0.00","6.15","6.15","22.58","12.30"
"2012","Maunure Charge","38.00","30.00","38.00","30.00","46.00","0.00","0.00"
"2012","Purch. Pert.","0.00","0.00","0.00","0.00","0.00","162.90","83.48"
"2012","Herbicides","0.00","0.00","0.00","0.00","0.00","20.00","16.00"
"2012","Seed","73.32","58.27","73.32","15.13","24.42","102.00","58.00"
"2012","Planting","20.90","20.90","20.90","7.25","7.25","18.05","18.05"
"2012","Rotary Hoe","17.50","17.50","26.25","0.00","0.00","0.00","0.00"
"2012","Spray/Walk","15.84","27.43","13.87","0.00","0.00","7.30","14.60"
"2012","Cultivation","28.70","43.50","43.05","0.00","0.00","0.00","0.00"
"2012","Windrow Oats","0.00","0.00","0.00","12.55","0.00","0.00","0.00"
"2012","Straw Costs","0.00","0.00","0.00","47.35","0.00","0.00","0.00"
"2012","Stubble Costs","0.00","0.00","0.00","37.55","0.00","0.00","0.00"
"2012","Mow/Windrow","12.65","0.00","12.65","10.80","43.05","0.00","0.00"
"2012","Rake","0.00","0.00","0.00","6.20","24.80","0.00","0.00"
"2012","Bale Hay","0.00","0.00","0.00","0.00","89.20","0.00","0.00"
"2012","Stack Residues","21.80","6.00","18.77","0.00","0.00","0.00","0.00"
"2012","Mov & Stor bales","7.48","0.00","0.00","0.00","30.83","0.00","0.00"
"2012","Grain Harvest","26.95","31.10","26.95","29.90","0.00","43.05","40.15"
"2012","Grain Handling","20.62","5.87","24.28","0.00","0.00","27.23","4.41"
"2012","Shell/Grind","17.80","0.00","20.79","0.00","0.00","0.00","0.00"
"2012","Storage","27.51","7.86","32.24","0.00","0.00","0.00","0.00"
"2012","Hedge/P.L.","0.00","0.00","0.00","0.00","0.00","25.65","5.85"
"2012","Drying Cost","0.00","0.00","0.00","0.00","0.00","0.00","0.00"
"2012","Corn RSL","0.00","0.00","0.00","0.00","0.00","0.00","0.00"
"2012","Total Exp. $/A","636.77","515.43","618.07","481.66","550.48","741.77","593.57"
"2012","Cost/bu. Or pound","3.95","11.15","3.26","4.56","0.04","5.04","13.13"
"2012","Labor Return $11.70/A","55.10","38.36","46.61","46.82","60.16","16.50","16.92"
"2012","Labor&M.R. $/A","804.80","181.89","991.14","205.51","737.82","363.27","22.25"
"2011","Crop","Corn","SB","Corn","Oats","Hay","Corn","SB"
"2011","Yield Per Acre. Bu./#","181.00","62.00","181.00","85.56","11473.00","183.00","50.00"
"2011","Price, Bu./#","5.70","10.65","5.70","3.40","0.05","5.70","10.65"
"2011","Crop Income","1031.70","660.30","1031.70","290.90","573.65","1043.10","532.50"
"2011","Straw Income","0.00","0.00","0.00","219.34","0.00","0.00","0.00"
"2011","Pasture/Stubble","0.00","0.00","0.00","67.35","0.00","0.00","0.00"
"2011","Residue Income","96.83","27.79","115.51","0.00","0.00","0.00","0.00"
"2011","Total Income $/A","1128.53","688.09","1147.21","577.59","573.65","1043.10","532.50"
"2011","Misc. Expense Per Acre","10.00","10.00","10.00","5.00","5.00","10.00","10.00"
"2011","Crop Ins.","0.00","0.00","0.00","0.00","0.00","16.50","16.50"
"2011","Interest","0.00","0.00","0.00","0.00","0.00","13.16","13.16"
"2011","Land Change","206.00","206.00","206.00","206.00","206.00","206.00","206.00"
"2011","Cover Crop","0.00","0.00","0.00","0.00","0.00","0.00","0.00"
"2011","Chop Stks.C.c.","0.00","0.00","0.00","0.00","0.00","0.00","10.35"
"2011","Apply NH4","0.00","0.00","0.00","0.00","0.00","10.30","0.00"
"2011","Fall Tillage","15.00","0.00","0.00","14.45","0.00","14.95","0.00"
"2011","Spring Tillage","22.90","0.00","0.00","31.80","0.00","11.45","11.45"
"2011","Maunure Charge","38.00","30.00","38.00","30.00","46.00","0.00","0.00"
"2011","Purch. Pert.","0.00","0.00","0.00","0.00","0.00","146.89","74.64"
"2011","Herbicides","0.00","11.27","0.00","0.00","0.00","25.00","17.00"
"2011","Seed","67.52","53.64","67.52","10.93","24.42","113.80","45.00"
"2011","Planting","18.60","18.60","18.60","13.20","0.00","16.75","16.75"
"2011","Rotary Hoe","32.40","24.30","24.30","0.00","0.00","0.00","0.00"
"2011","Spray/Walk","0.00","0.00","0.00","0.00","0.00","13.60","13.60"
"2011","Cultivation","40.05","40.05","40.05","0.00","0.00","0.00","0.00"
"2011","Windrow Oats","0.00","0.00","0.00","12.25","0.00","0.00","0.00"
"2011","Straw Costs","0.00","0.00","0.00","60.18","0.00","0.00","0.00"
"2011","Stubble Costs","0.00","0.00","0.00","28.75","0.00","0.00","0.00"
"2011","Mow/Windrow","12.40","0.00","12.40","0.00","30.45","0.00","0.00"
"2011","Rake","0.00","0.00","0.00","0.00","17.25","0.00","0.00"
"2011","Bale Hay","0.00","0.00","0.00","0.00","110.36","0.00","0.00"
"2011","Stack Residues","18.00","5.60","21.36","0.00","0.00","0.00","0.00"
"2011","Mov & Stor bales","0.00","0.00","0.00","0.00","33.36","0.00","0.00"
"2011","Grain Harvest","25.35","29.65","25.35","28.70","0.00","33.45","32.10"
"2011","Grain Handling","11.40","7.44","11.40","10.12","0.00","22.98","9.60"
"2011","Shell/Grind","19.91","0.00","19.91","9.46","0.00","0.00","0.00"
"2011","Storage","28.60","9.80","28.60","13.59","0.00","54.90","15.00"
"2011","Hedge/P.L.","0.00","0.00","0.00","0.00","0.00","84.14","17.00"
"2011","Drying Cost","0.00","0.00","0.00","0.00","0.00","0.00","0.00"
"2011","Corn RSL","0.00","0.00","0.00","0.00","0.00","0.00","0.00"
"2011","Total Exp. $/A","566.13","446.35","523.49","474.43","472.84","793.87","508.15"
"2011","Cost/bu. Or pound","2.96","7.11","2.71","4.51","0.04","4.34","10.16"
"2011","Labor Return $11.60/A","54.63","38.04","46.22","46.44","59.64","16.36","16.77"
"2011","Labor&M.R. $/A","617.03","279.78","669.94","149.60","160.45","265.59","41.12"
"2010","Crop","Corn","SB","Corn","Oats","Hay","Corn","SB"
"2010","Yield Per Acre. Bu./#","181.88","55.87","148.73","76.28","10920.00","162.50","46.60"
"2010","Price, Bu./#","4.75","11.60","4.75","2.30","0.04","4.75","11.60"
"2010","Crop Income","863.93","648.09","706.47","175.44","436.80","771.88","540.56"
"2010","Straw Income","0.00","33.74","0.00","122.50","0.00","0.00","0.00"
"2010","Pasture/Stubble","0.00","0.00","0.00","137.36","0.00","0.00","0.00"
"2010","Residue Income","131.98","0.00","126.60","0.00","0.00","0.00","0.00"
"2010","Total Income $/A","995.91","681.83","833.07","435.30","436.80","771.88","540.56"
"2010","Misc. Expense Per Acre","5.00","5.00","5.00","5.00","5.00","10.00","10.00"
"2010","Crop Ins.","0.00","0.00","0.00","0.00","0.00","17.00","11.00"
"2010","Interest","0.00","0.00","0.00","0.00","0.00","12.65","7.14"
"2010","Land Change","182.00","182.00","182.00","182.00","182.00","182.00","182.00"
"2010","Cover Crop","0.00","0.00","0.00","0.00","0.00","0.00","0.00"
"2010","Chop Stks.C.c.","0.00","0.00","0.00","0.00","0.00","9.95","0.00"
"2010","Apply NH4","0.00","0.00","0.00","0.00","0.00","9.75","0.00"
"2010","Fall Tillage","14.50","0.00","0.00","14.25","0.00","0.00","17.95"
"2010","Spring Tillage","21.70","0.00","0.00","29.80","0.00","21.70","21.70"
"2010","Maunure Charge","38.00","30.00","38.00","30.00","46.00","0.00","0.00"
"2010","Purch. Pert.","0.00","0.00","0.00","0.00","0.00","105.88","62.08"
"2010","Herbicides","0.00","1.91","0.00","0.00","0.00","25.00","20.00"
"2010","Seed","62.84","57.88","62.84","9.20","24.63","120.40","50.00"
"2010","Planting","16.75","16.75","16.75","13.00","0.00","14.70","14.70"
"2010","Rotary Hoe","7.95","7.95","7.95","0.00","0.00","0.00","0.00"
"2010","Spray/Walk","0.00","6.50","0.00","0.00","0.00","6.50","6.50"
"2010","Cultivation","37.35","24.90","24.90","0.00","0.00","10.10","0.00"
"2010","Windrow Oats","0.00","0.00","0.00","12.15","0.00","0.00","0.00"
"2010","Straw Costs","0.00","0.00","0.00","39.53","0.00","0.00","0.00"
"2010","Stubble Costs","0.00","0.00","0.00","19.73","0.00","0.00","0.00"
"2010","Mow/Windrow","12.15","0.00","12.15","10.20","20.40","0.00","0.00"
"2010","Rake","0.00","0.00","0.00","5.65","11.30","0.00","0.00"
"2010","Bale Hay","0.00","0.00","0.00","39.53","0.00","0.00","0.00"
"2010","Stack Residues","26.73","6.83","24.34","0.00","0.00","0.00","0.00"
"2010","Mov & Stor bales","3.67","0.00","3.72","5.84","17.64","0.00","0.00"
"2010","Grain Harvest","27.25","28.70","27.25","27.20","0.00","29.90","28.70"
"2010","Grain Handling","11.09","7.10","9.07","9.68","0.00","22.20","10.95"
"2010","Shell/Grind","20.01","0.00","16.36","8.39","0.00","0.00","0.00"
"2010","Storage","26.74","8.21","21.86","11.21","0.00","21.13","6.06"
"2010","Hedge/P.L.","0.00","0.00","0.00","0.00","0.00","17.88","5.13"
"2010","Drying Cost","0.00","0.00","0.00","0.00","0.00","0.00","0.00"
"2010","Corn RSL","0.00","0.00","0.00","0.00","0.00","4.06","0.00"
"2010","Total Exp. $/A","513.73","383.73","452.19","432.83","366.59","640.80","453.91"
"2010","Cost/bu. Or pound","2.59","6.75","2.77","4.61","0.0336","3.94","9.74"
"2010","Labor Return $11.00/A","51.80","36.07","43.83","44.02","56.56","15.51","15.90"
"2010","Labor&M.R. $/A","533.98","334.17","424.71","46.49","126.77","146.59","102.55"
"2009","Crop","Corn","SB","Corn","Oats","Hay","Corn","SB"
"2009","Yield Per Acre. Bu./#","233.32","54.62","199.05","69.34","14615.00","187.00","52.00"
"2009","Price, Bu./#","3.75","9.50","3.75","2.00","0.0375","3.75","9.50"
"2009","Crop Income","874.95","518.89","746.44","138.68","548.06","701.25","494.00"
"2009","Straw Income","0.00","0.00","0.00","142.45","0.00","0.00","0.00"
"2009","Pasture/Stubble","0.00","0.00","0.00","77.10","0.00","0.00","0.00"
"2009","Residue Income","165.63","46.24","123.86","0.00","0.00","0.00","0.00"
"2009","Total Income $/A","1040.58","565.13","870.30","358.23","548.06","701.25","494.00"
"2009","Misc. Expense Per Acre","5.00","5.00","5.00","5.00","5.00","10.00","10.00"
"2009","Crop Ins.","0.00","0.00","0.00","0.00","0.00","22.50","13.75"
"2009","Interest","0.00","0.00","0.00","0.00","0.00","22.50","13.75"
"2009","Land Change","179.00","179.00","179.00","179.00","179.00","179.00","179.00"
"2009","Cover Crop","0.00","0.00","0.00","0.00","0.00","0.00","0.00"
"2009","Chop Stks.C.c.","9.80","0.00","9.80","0.00","0.00","9.80","0.00"
"2009","Apply NH4","0.00","0.00","0.00","0.00","0.00","9.50","0.00"
"2009","Fall Tillage","14.10","0.00","0.00","0.00","0.00","11.40","25.10"
"2009","Spring Tillage","21.40","0.00","0.00","33.60","0.00","10.70","10.70"
"2009","Maunure Charge","32.00","24.00","32.00","24.00","39.00","0.00","0.00"
"2009","Purch. Pert.","0.00","0.00","0.00","0.00","0.00","180.52","106.36"
"2009","Herbicides","0.00","0.00","0.00","0.00","0.00","37.80","21.75"
"2009","Seed","62.81","54.00","62.81","13.00","36.72","109.60","54.00"
"2009","Planting","16.40","16.40","16.40","6.60","0.00","14.10","14.10"
"2009","Rotary Hoe","21.60","7.20","21.60","0.00","0.00","0.00","0.00"
"2009","Spray/Walk","0.00","13.92","0.00","0.00","0.00","6.00","6.00"
"2009","Cultivation","23.00","34.50","34.50","0.00","0.00","9.30","0.00"
"2009","Windrow Oats","0.00","0.00","0.00","11.80","0.00","0.00","0.00"
"2009","Straw Costs","0.00","0.00","0.00","28.80","0.00","0.00","0.00"
"2009","Stubble Costs","0.00","0.00","0.00","12.35","0.00","0.00","0.00"
"2009","Mow/Windrow","9.80","0.00","9.80","10.20","30.60","0.00","0.00"
"2009","Rake","0.00","0.00","0.00","11.40","17.10","0.00","0.00"
"2009","Bale Hay","0.00","0.00","0.00","0.00","83.79","0.00","0.00"
"2009","Stack Residues","29.40","8.81","22.02","0.00","0.00","0.00","0.00"
"2009","Mov & Stor bales","0.00","3.00","6.61","0.00","25.41","0.00","0.00"
"2009","Grain Harvest","26.60","28.70","26.60","26.50","0.00","29.70","28.70"
"2009","Grain Handling","15.17","3.21","12.94","8.46","0.00","27.28","4.47"
"2009","Shell/Grind","25.67","2.81","21.90","7.63","0.00","0.00","0.00"
"2009","Storage","33.83","7.15","28.86","10.05","0.00","24.31","6.76"
"2009","Hedge/P.L.","0.00","0.00","0.00","0.00","0.00","69.19","13.00"
"2009","Drying Cost","0.00","0.00","0.00","0.00","0.00","58.91","0.00"
"2009","Corn RSL","0.00","0.00","0.00","0.00","0.00","4.25","0.00"
"2009","Total Exp. $/A","525.58","387.70","489.84","388.39","416.62","839.47","502.78"
"2009","Cost/bu. Or pound","2.08","6.88","2.27","4.70","0.0285","4.49","9.67"
"2009","Labor Return $11.00/A","51.80","36.07","43.83","44.02","56.56","15.51","15.90"
"2009","Labor&M.R. $/A","566.80","213.50","424.29","13.66","188.00","-122.71","7.12"
"2008","Crop","Corn","SB","Corn","Oats","Hay","Corn","SB"
"2008","Yield Per Acre. Bu./#","228.28","39.82","198.00","74.76","15458.00","166.00","43.50"
"2008","Price, Bu./#","3.00","8.00","3.00","1.90","0.045","3.00","8.00"
"2008","Crop Income","684.84","318.56","594.00","142.04","695.61","498.00","348.00"
"2008","Straw Income","0.00","0.00","0.00","107.00","0.00","0.00","0.00"
"2008","Pasture/Stubble","0.00","0.00","0.00","139.95","0.00","0.00","0.00"
"2008","Residue Income","98.58","30.35","93.55","0.00","0.00","0.00","0.00"
"2008","Total Income $/A","783.42","348.91","687.55","388.99","695.61","498.00","348.00"
"2008","Misc. Expense Per Acre","9.00","9.00","9.00","4.50","4.50","10.00","10.00"
"2008","Crop Ins.","0.00","0.00","0.00","0.00","0.00","15.00","8.00"
"2008","Interest","1.89","1.12","1.89","0.49","0.49","13.41","7.29"
"2008","Land Change","171.00","171.00","171.00","171.00","171.00","171.00","171.00"
"2008","Cover Crop","0.00","0.00","0.00","0.00","0.00","0.00","0.00"
"2008","Chop Stks.C.c.","0.00","0.00","0.00","0.00","0.00","0.00","0.00"
"2008","Apply NH4","0.00","0.00","0.00","0.00","0.00","8.75","0.00"
"2008","Fall Tillage","13.60","0.00","0.00","0.00","0.00","10.20","23.90"
"2008","Spring Tillage","10.10","0.00","0.00","11.50","11.50","10.10","10.10"
"2008","Maunure Charge","32.00","24.00","32.00","24.00","39.00","0.00","0.00"
"2008","Purch. Pert.","0.00","0.00","0.00","0.00","0.00","112.05","89.65"
"2008","Herbicides","0.00","28.33","0.00","0.00","0.00","25.20","15.75"
"2008","Seed","63.00","37.20","63.00","16.34","16.34","73.50","37.20"
"2008","Planting","15.90","15.90","15.90","11.50","11.50","13.20","13.20"
"2008","Rotary Hoe","13.40","0.00","0.00","0.00","0.00","0.00","0.00"
"2008","Spray/Walk","0.00","28.33","0.00","0.00","0.00","5.60","5.60"
"2008","Cultivation","23.40","23.40","23.40","0.00","0.00","8.60","0.00"
"2008","Windrow Oats","0.00","0.00","0.00","11.40","0.00","0.00","0.00"
"2008","Straw Costs","0.00","0.00","0.00","16.43","0.00","0.00","0.00"
"2008","Stubble Costs","0.00","0.00","0.00","19.85","0.00","0.00","0.00"
"2008","Mow/Windrow","10.70","0.00","10.70","10.70","32.10","0.00","0.00"
"2008","Rake","0.00","0.00","0.00","11.30","16.95","0.00","0.00"
"2008","Bale Hay","0.00","0.00","0.00","0.00","84.98","0.00","0.00"
"2008","Stack Residues","27.00","23.36","27.00","0.00","0.00","0.00","0.00"
"2008","Mov & Stor bales","4.00","3.46","4.00","18.24","28.64","0.00","0.00"
"2008","Grain Harvest","26.70","34.40","26.70","25.30","0.00","38.00","34.40"
"2008","Grain Handling","15.07","2.42","13.07","4.93","0.00","13.94","3.65"
"2008","Shell/Grind","25.11","0.00","21.78","8.22","0.00","0.00","0.00"
"2008","Storage","37.21","5.98","32.27","12.19","27.72","21.41","5.61"
"2008","Hedge/P.L.","0.00","0.00","0.00","0.00","0.00","34.86","9.14"
"2008","Drying Cost","0.00","0.00","0.00","0.00","0.00","49.80","0.00"
"2008","Corn RSL","0.00","0.00","0.00","0.00","0.00","6.64","0.00"
"2008","Total Exp. $/A","499.08","407.90","451.71","377.89","444.72","641.26","444.49"
"2008","Cost/bu. Or pound","2.00","9.57","2.07","4.03","0.0288","3.86","10.22"
"2008","Labor Return $11.00/A","51.80","36.07","43.83","44.02","56.56","15.51","15.90"
"2008","Labor&M.R. $/A","336.14","-22.92","279.67","55.12","307.45","-127.75","-80.59"
"2007","Crop","Corn","SB","Corn","Oats","Hay","Corn","SB"
"2007","Yield Per Acre. Bu./#","204.67","61.25","218.72","73.01","11764.00","180.70","53.70"
"2007","Price, Bu./#","3.70","10.00","3.70","2.60","0.04","3.70","10.00"
"2007","Crop Income","757.28","612.50","809.26","189.83","470.56","668.59","537.00"
"2007","Straw Income","0.00","0.00","0.00","70.26","0.00","0.00","0.00"
"2007","Pasture/Stubble","0.00","0.00","0.00","200.65","0.00","0.00","0.00"
"2007","Residue Income","151.69","22.31","115.83","0.00","0.00","0.00","0.00"
"2007","Total Income $/A","908.97","634.81","925.09","460.74","470.56","668.59","537.00"
"2007","Misc. Expense Per Acre","9.00","9.00","9.00","0.00","0.00","9.00","9.00"
"2007","Crop Ins.","0.00","0.00","0.00","0.00","0.00","9.00","9.00"
"2007","Interest","1.74","1.17","1.74","0.00","0.00","11.07","6.30"
"2007","Land Change","147.00","147.00","147.00","147.00","147.00","147.00","147.00"
"2007","Cover Crop","0.00","0.00","0.00","0.00","0.00","0.00","0.00"
"2007","Chop Stks.C.c.","0.00","0.00","0.00","0.00","0.00","0.00","0.00"
"2007","Apply NH4","0.00","0.00","0.00","0.00","0.00","7.90","0.00"
"2007","Fall Tillage","12.70","0.00","0.00","5.87","5.88","0.00","14.50"
"2007","Spring Tillage","9.05","0.00","0.00","7.67","7.68","19.60","19.60"
"2007","Maunure Charge","32.00","24.00","32.00","24.00","39.00","0.00","0.00"
"2007","Purch. Pert.","0.00","0.00","0.00","0.00","0.00","87.40","43.20"
"2007","Herbicides","0.00","18.94","0.00","0.00","0.00","24.00","15.00"
"2007","Seed","54.50","23.76","54.50","22.32","14.58","63.50","32.00"
"2007","Planting","13.95","13.95","13.95","7.50","7.50","12.15","7.50"
"2007","Rotary Hoe","5.75","5.75","17.25","0.00","0.00","0.00","0.00"
"2007","Spray/Walk","0.00","0.00","0.00","0.00","0.00","5.65","5.65"
"2007","Cultivation","21.00","31.50","21.00","0.00","0.00","7.75","0.00"
"2007","Windrow Oats","0.00","0.00","0.00","10.55","0.00","0.00","0.00"
"2007","Straw Costs","0.00","0.00","0.00","23.73","0.00","0.00","0.00"
"2007","Stubble Costs","0.00","0.00","0.00","25.55","0.00","0.00","0.00"
"2007","Mow/Windrow","9.20","0.00","9.20","9.20","27.60","0.00","0.00"
"2007","Rake","0.00","0.00","0.00","10.60","15.90","0.00","0.00"
"2007","Bale Hay","0.00","0.00","0.00","0.00","77.74","0.00","0.00"
"2007","Stack Residues","29.65","5.26","22.84","0.00","0.00","0.00","0.00"
"2007","Mov & Stor bales","7.30","0.00","0.00","15.86","25.15","0.00","0.00"
"2007","Grain Harvest","24.30","25.80","24.30","23.70","0.00","26.60","25.80"
"2007","Grain Handling","24.56","6.74","26.25","8.03","0.00","14.22","4.35"
"2007","Shell/Grind","22.51","0.00","24.06","8.03","0.00","14.22","4.35"
"2007","Storage","25.99","7.90","27.78","9.42","11.76","21.60","6.22"
"2007","Hedge/P.L.","0.00","0.00","0.00","0.00","0.00","34.20","8.80"
"2007","Drying Cost","0.00","0.00","0.00","0.00","0.00","39.96","0.00"
"2007","Corn RSL","0.00","0.00","0.00","0.00","0.00","8.80","0.00"
"2007","Total Exp. $/A","450.20","320.77","430.87","359.03","379.79","549.40","353.92"
"2007","Cost/bu. Or pound","1.97","5.15","1.82","3.75","0.0323","3.04","6.59"
"2007","Labor Return $11.00/A","51.80","36.07","43.83","44.02","56.56","15.51","15.90"
"2007","Labor&M.R. $/A","510.00","350.11","538.05","145.73","147.33","134.70","198.98"
"2006","Crop","Corn","SB","Corn","Oats","Hay","Corn","SB"
"2006","Yield Per Acre. Bu./#","189.52","60.32","185.89","129.18","17219.00","172.70","50.00"
"2006","Price, Bu./#","3.25","6.25","3.25","1.75","0.0375","3.25","6.25"
"2006","Crop Income","615.94","377.00","604.14","226.07","645.71","561.28","312.50"
"2006","Straw Income","0.00","0.00","0.00","88.87","0.00","0.00","0.00"
"2006","Pasture/Stubble","0.00","0.00","0.00","95.95","0.00","0.00","0.00"
"2006","Residue Income","100.01","22.46","130.59","0.00","0.00","0.00","0.00"
"2006","Total Income $/A","715.95","399.46","734.73","410.89","645.71","561.28","312.50"
"2006","Misc. Expense Per Acre","9.00","9.00","9.00","0.00","0.00","9.00","9.00"
"2006","Crop Ins.","0.00","0.00","0.00","0.00","0.00","7.00","5.50"
"2006","Interest","1.74","1.17","1.74","0.00","1.16","9.27","5.84"
"2006","Land Change","136.00","136.00","136.00","136.00","136.00","136.00","136.00"
"2006","Cover Crop","0.00","0.00","0.00","0.00","0.00","0.00","0.00"
"2006","Chop Stks.C.c.","0.00","0.00","8.00","0.00","0.00","0.00","0.00"
"2006","Apply NH4","0.00","0.00","0.00","0.00","0.00","7.40","0.00"
"2006","Fall Tillage","12.40","0.00","0.00","5.30","5.30","0.00","19.85"
"2006","Spring Tillage","16.90","0.00","0.00","8.17","8.18","8.45","8.45"
"2006","Maunure Charge","32.00","24.00","32.00","24.00","39.00","0.00","0.00"
"2006","Purch. Pert.","0.00","0.00","0.00","0.00","0.00","78.70","39.05"
"2006","Herbicides","0.00","6.22","0.00","0.00","0.00","32.00","29.20"
"2006","Seed","45.00","33.60","45.00","6.71","29.45","45.00","33.60"
"2006","Planting","13.20","12.20","13.20","7.47","7.48","11.45","11.45"
"2006","Rotary Hoe","5.70","11.40","11.40","0.00","0.00","0.00","0.00"
"2006","Spray/Walk","0.00","10.88","0.00","0.00","0.00","4.90","4.90"
"2006","Cultivation","10.00","20.00","20.00","0.00","0.00","7.50","0.00"
"2006","Windrow Oats","0.00","0.00","0.00","10.05","0.00","0.00","0.00"
"2006","Straw Costs","0.00","0.00","0.00","29.41","0.00","0.00","0.00"
"2006","Stubble Costs","0.00","0.00","0.00","17.88","0.00","0.00","0.00"
"2006","Mow/Windrow","8.90","0.00","8.90","8.90","26.70","0.00","0.00"
"2006","Rake","0.00","0.00","0.00","9.80","14.70","0.00","0.00"
"2006","Bale Hay","0.00","0.00","0.00","0.00","94.91","0.00","0.00"
"2006","Stack Residues","24.74","5.19","32.30","0.00","0.00","0.00","0.00"
"2006","Mov & Stor bales","0.00","0.00","0.00","10.61","25.57","0.00","0.00"
"2006","Grain Harvest","23.20","25.00","23.20","22.90","0.00","20.90","25.00"
"2006","Grain Handling","22.72","6.40","22.31","13.69","0.00","19.52","6.05"
"2006","Shell/Grind","20.83","0.00","20.45","14.21","0.00","0.00","0.00"
"2006","Storage","24.04","7.42","23.61","15.89","17.22","19.52","5.65"
"2006","Hedge/P.L.","0.00","0.00","0.00","0.00","0.00","32.81","8.00"
"2006","Drying Cost","0.00","0.00","0.00","0.00","0.00","38.34","0.00"
"2006","Corn RSL","0.00","0.00","0.00","0.00","0.00","5.87","0.00"
"2006","Total Exp. $/A","406.37","309.48","407.11","340.99","405.67","493.63","347.54"
"2006","Cost/bu. Or pound","1.97","5.04","1.97","2.05","0.0236","2.86","6.95"
"2006","Labor Return $10.50/A","49.45","34.43","41.83","42.02","53.99","14.81","15.18"
"2006","Labor&M.R. $/A","359.03","124.41","369.45","111.92","294.03","82.46","-19.86"
"2005","Crop","Corn","SB","Corn","Oats","Hay","Corn","SB"
"2005","Yield Per Acre. Bu./#","231.40","71.20","202.72","124.55","16693.00","192.40","56.30"
"2005","Price, Bu./#","1.55","5.30","1.55","1.50","0.04","1.55","5.30"
"2005","Crop Income","358.67","377.36","314.22","186.83","667.72","298.22","298.39"
"2005","Straw Income","0.00","0.00","0.00","112.68","0.00","0.00","0.00"
"2005","Pasture/Stubble","0.00","0.00","0.00","210.44","0.00","0.00","0.00"
"2005","Residue Income","113.67","27.56","119.03","0.00","0.00","0.00","0.00"
"2005","Total Income $/A","472.34","404.92","433.25","509.95","667.72","298.22","298.39"
"2005","Misc. Expense Per Acre","8.00","8.00","8.00","0.00","0.00","8.00","8.00"
"2005","Crop Ins.","0.00","0.00","0.00","0.00","0.00","7.00","5.00"
"2005","Interest","1.74","1.17","1.74","0.00","1.16","7.70","4.54"
"2005","Land Change","140.00","140.00","140.00","140.00","140.00","140.00","140.00"
"2005","Cover Crop","0.00","0.00","0.00","0.00","0.00","0.00","0.00"
"2005","Chop Stks.C.c.","0.00","0.00","0.00","0.00","0.00","0.00","0.00"
"2005","Apply NH4","0.00","0.00","0.00","0.00","0.00","6.90","0.00"
"2005","Fall Tillage","12.15","0.00","0.00","4.80","4.80","0.00","22.30"
"2005","Spring Tillage","16.00","0.00","0.00","6.60","6.60","8.50","16.50"
"2005","Maunure Charge","32.00","24.00","40.20","6.71","26.69","40.20","32.00"
"2005","Purch. Pert.","0.00","0.00","0.00","0.00","0.00","78.45","30.15"
"2005","Herbicides","0.00","0.00","0.00","0.00","0.00","32.00","29.20"
"2005","Seed","40.20","27.00","40.20","6.71","26.69","40.20","32.00"
"2005","Planting","13.35","13.35","13.35","7.58","7.58","11.05","11.05"
"2005","Rotary Hoe","15.45","10.30","20.60","0.00","0.00","0.00","0.00"
"2005","Spray/Walk","0.00","7.84","0.00","0.00","0.00","5.25","5.25"
"2005","Cultivation","30.00","20.00","30.00","0.00","0.00","7.15","7.15"
"2005","Windrow Oats","0.00","0.00","0.00","9.90","0.00","0.00","0.00"
"2005","Straw Costs","0.00","0.00","0.00","44.04","0.00","0.00","0.00"
"2005","Stubble Costs","0.00","0.00","0.00","30.45","0.00","0.00","0.00"
"2005","Mow/Windrow","8.05","0.00","8.05","8.05","24.15","0.00","0.00"
"2005","Rake","0.00","0.00","0.00","4.35","13.05","0.00","0.00"
"2005","Bale Hay","0.00","0.00","0.00","0.00","96.42","0.00","0.00"
"2005","Stack Residues","27.69","6.39","28.99","0.00","0.00","0.00","0.00"
"2005","Mov & Stor bales","6.75","0.00","7.07","17.21","26.40","0.00","0.00"
"2005","Grain Harvest","22.60","23.90","22.60","22.50","0.00","24.60","23.90"
"2005","Grain Handling","27.77","7.26","24.33","12.71","0.00","20.97","6.14"
"2005","Shell/Grind","25.45","0.00","22.30","13.70","0.00","0.00","0.00"
"2005","Storage","29.39","9.04","25.75","15.82","16.62","23.09","6.76"
"2005","Hedge/P.L.","0.00","0.00","0.00","0.00","0.00","7.70","2.25"
"2005","Drying Cost","0.00","0.00","0.00","0.00","0.00","38.48","0.00"
"2005","Corn RSL","0.00","0.00","0.00","0.00","0.00","3.85","0.00"
"2005","Total Exp. $/A","456.59","298.25","424.98","368.42","402.47","470.89","350.19"
"2005","Cost/bu. Or pound","1.79","4.10","1.88","2.12","0.0241","2.45","6.22"
"2005","Labor Return $9.50/A","44.74","31.16","37.85","38.02","48.84","13.40","13.74"
"2005","Labor&M.R. $/A","60.49","137.83","46.12","179.55","314.09","-159.27","-38.06"
"2004","Crop","Corn","SB","Corn","Oats","Hay","Corn","SB"
"2004","Yield Per Acre. Bu./#","215.56","63.55","209.39","108.20","15126.00","192.20","52.00"
"2004","Price, Bu./#","1.65","5.30","1.65","1.50","0.0375","1.65","5.30"
"2004","Crop Income","355.67","336.82","345.49","162.30","567.23","317.13","275.60"
"2004","Straw Income","0.00","0.00","0.00","84.85","0.00","0.00","0.00"
"2004","Pasture/Stubble","0.00","0.00","0.00","149.06","0.00","0.00","0.00"
"2004","Residue Income","182.13","32.28","152.93","0.00","0.00","0.00","0.00"
"2004","Total Income $/A","537.80","369.10","498.42","396.21","567.23","317.13","275.60"
"2004","Misc. Expense Per Acre","8.00","8.00","8.00","0.00","0.00","8.00","8.00"
"2004","Crop Ins.","0.00","0.00","0.00","0.00","0.00","7.00","4.85"
"2004","Interest","1.20","0.84","1.20","0.45","0.83","6.13","3.94"
"2004","Land Change","135.00","135.00","135.00","135.00","135.00","135.00","135.00"
"2004","Cover Crop","0.00","0.00","0.00","0.00","0.00","0.00","0.00"
"2004","Chop Stks.C.c.","0.00","0.00","0.00","0.00","0.00","0.00","0.00"
"2004","Apply NH4","0.00","0.00","0.00","0.00","0.00","6.70","0.00"
"2004","Fall Tillage","11.95","0.00","0.00","4.63","4.63","0.00","19.30"
"2004","Spring Tillage","15.20","0.00","0.00","6.08","6.08","8.65","16.25"
"2004","Maunure Charge","17.73","13.51","17.73","13.51","21.96","0.00","0.00"
"2004","Purch. Pert.","0.00","0.00","0.00","0.00","0.00","66.70","28.45"
"2004","Herbicides","0.00","0.00","0.00","0.00","0.00","32.00","26.00"
"2004","Seed","30.00","19.39","30.00","7.16","23.91","30.00","22.80"
"2004","Planting","12.35","12.35","12.35","7.33","7.33","10.55","10.55"
"2004","Rotary Hoe","10.20","5.10","10.20","0.00","0.00","0.00","0.00"
"2004","Spray/Walk","0.00","7.71","0.00","0.00","0.00","5.00","5.00"
"2004","Cultivation","19.60","19.60","19.60","0.00","0.00","6.65","6.65"
"2004","Windrow Oats","0.00","0.00","0.00","9.60","0.00","0.00","0.00"
"2004","Straw Costs","0.00","0.00","0.00","26.25","0.00","0.00","0.00"
"2004","Stubble Costs","0.00","0.00","0.00","20.51","0.00","0.00","0.00"
"2004","Mow/Windrow","7.00","0.00","7.00","14.00","21.00","0.00","0.00"
"2004","Rake","0.00","0.00","0.00","8.40","12.60","0.00","0.00"
"2004","Bale Hay","0.00","0.00","0.00","0.00","60.67","0.00","0.00"
"2004","Stack Residues","32.41","6.75","27.21","0.00","0.00","0.00","0.00"
"2004","Mov & Stor bales","0.00","1.82","7.36","15.23","37.05","0.00","0.00"
"2004","Grain Harvest","20.50","23.40","50.50","21.85","0.00","24.15","23.40"
"2004","Grain Handling","23.37","6.42","23.37","10.93","0.00","23.64","6.40"
"2004","Shell/Grind","23.37","0.00","23.37","0.00","0.00","0.00","0.00"
"2004","Storage","22.31","5.50","22.31","12.66","0.00","21.14","5.72"
"2004","Hedge/P.L.","0.00","0.00","0.00","0.00","0.00","7.69","2.08"
"2004","Drying Cost","0.00","0.00","0.00","0.00","0.00","36.90","0.00"
"2004","Corn RSL","0.00","0.00","0.00","0.00","0.00","3.84","0.00"
"2004","Total Exp. $/A","390.19","265.39","365.20","313.59","331.06","439.74","324.39"
"2004","Cost/bu. Or pound","1.63","4.04","1.55","2.12","0.0219","2.29","6.24"
"2004","Labor Return","42.38","29.52","35.86","36.02","46.27","12.69","13.01"
"2004","Labor&M.R. $/A","189.99","133.23","169.08","118.64","282.44","-109.92","-35.78"
"2003","Crop","Corn","SB","Corn","Oats","Hay","Corn","SB"
"2003","Yield Per Acre. Bu./#","192.83","34.75","191.90","144.47","12493.00","170.60","34.30"
"2003","Price, Bu./#","2.20","7.40","2.20","1.55","0.0325","2.20","7.40"
"2003","Crop Income","424.23","257.15","422.18","223.93","406.02","375.32","253.82"
"2003","Straw Income","0.00","0.00","0.00","92.64","0.00","0.00","0.00"
"2003","Pasture/Stubble","0.00","0.00","0.00","76.84","0.00","0.00","0.00"
"2003","Residue Income","229.16","28.63","158.15","0.00","0.00","0.00","0.00"
"2003","Total Income $/A","653.39","285.78","580.33","393.41","406.02","375.32","253.82"
"2003","Misc. Expense Per Acre","8.00","8.00","8.00","0.00","0.00","8.00","8.00"
"2003","Crop Ins.","0.00","0.00","0.00","0.00","0.00","5.80","3.15"
"2003","Interest","1.21","0.84","1.21","0.45","0.83","6.12","3.97"
"2003","Land Change","132.00","132.00","132.00","132.00","132.00","132.00","132.00"
"2003","Cover Crop","0.00","13.55","13.55","0.00","0.00","0.00","0.00"
"2003","Chop Stks.C.c.","0.00","0.00","0.00","0.00","0.00","0.00","0.00"
"2003","Apply NH4","0.00","0.00","0.00","0.00","0.00","6.70","0.00"
"2003","Fall Tillage","11.75","0.00","0.00","4.90","4.90","0.00","19.15"
"2003","Spring Tillage","15.70","0.00","0.00","6.22","6.23","7.85","16.65"
"2003","Maunure Charge","17.73","13.51","17.73","13.51","21.96","0.00","0.00"
"2003","Purch. Pert.","0.00","0.00","0.00","0.00","0.00","56.25","25.00"
"2003","Herbicides","0.00","0.00","0.00","0.00","0.00","30.00","25.00"
"2003","Seed","29.68","28.11","29.68","7.75","19.67","31.80","31.25"
"2003","Planting","12.60","12.60","12.60","5.52","5.53","10.30","10.30"
"2003","Rotary Hoe","20.00","10.00","20.00","0.00","0.00","0.00","0.00"
"2003","Spray/Walk","0.00","4.10","0.00","0.00","0.00","5.05","5.05"
"2003","Cultivation","9.40","28.20","18.80","0.00","0.00","6.65","6.65"
"2003","Windrow Oats","0.00","0.00","0.00","9.10","0.00","0.00","0.00"
"2003","Straw Costs","0.00","0.00","0.00","22.24","0.00","0.00","0.00"
"2003","Stubble Costs","0.00","0.00","0.00","11.53","0.00","0.00","0.00"
"2003","Mow/Windrow","7.30","0.00","7.30","7.30","21.90","0.00","0.00"
"2003","Rake","0.00","0.00","0.00","4.40","13.20","0.00","0.00"
"2003","Bale Hay","0.00","0.00","0.00","0.00","76.58","0.00","0.00"
"2003","Stack Residues","34.20","5.91","23.60","0.00","0.00","0.00","0.00"
"2003","Mov & Stor bales","6.22","1.61","0.00","0.00","43.32","0.00","0.00"
"2003","Grain Harvest","20.15","23.65","20.15","21.40","0.00","24.50","23.65"
"2003","Grain Handling","21.21","3.13","21.11","13.00","0.00","14.50","2.92"
"2003","Shell/Grind","19.28","0.00","19.19","14.45","0.00","0.00","0.00"
"2003","Storage","20.25","4.57","20.15","17.48","0.00","18.77","3.77"
"2003","Hedge/P.L.","0.00","0.00","0.00","0.00","0.00","6.82","1.37"
"2003","Drying Cost","0.00","0.00","0.00","0.00","0.00","30.71","0.00"
"2003","Corn RSL","0.00","0.00","0.00","0.00","0.00","5.12","0.00"
"2003","Total Exp. $/A","386.68","289.78","365.07","291.25","346.12","406.94","317.88"
"2003","Cost/bu. Or pound","1.76","8.12","1.74","1.70","0.0277","2.39","9.27"
"2003","Labor Return 9.00/A","42.38","29.52","35.86","36.02","46.27","12.69","13.01"
"2003","Labor&M.R. $/A","309.09","25.52","251.12","138.18","106.17","-18.93","-51.05"
"2002","Crop","Corn","SB","Corn","Oats","Hay","Corn","SB"
"2002","Yield Per Acre. Bu./#","176.46","57.38","176.56","115.54","14502.00","173.50","47.70"
"2002","Price, Bu./#","2.15","5.40","2.15","1.80","0.0375","2.15","5.40"
"2002","Crop Income","379.39","309.85","379.60","207.97","543.83","373.03","257.58"
"2002","Straw Income","0.00","0.00","0.00","180.71","0.00","0.00","0.00"
"2002","Pasture/Stubble","0.00","0.00","0.00","191.10","0.00","0.00","0.00"
"2002","Residue Income","137.48","45.83","127.20","0.00","0.00","0.00","0.00"
"2002","Total Income $/A","516.87","355.68","506.80","579.78","543.83","373.03","257.58"
"2002","Misc. Expense Per Acre","8.00","8.00","8.00","0.00","0.00","8.00","8.00"
"2002","Crop Ins.","4.50","2.62","4.50","0.00","0.00","6.00","3.15"
"2002","Interest","1.21","0.84","1.21","0.45","0.83","6.90","4.60"
"2002","Land Change","128.00","128.00","128.00","128.00","128.00","128.00","128.00"
"2002","Cover Crop","0.00","0.00","0.00","0.00","0.00","0.00","0.00"
"2002","Chop Stks.C.c.","0.00","0.00","0.00","0.00","0.00","0.00","0.00"
"2002","Apply NH4","0.00","0.00","0.00","0.00","0.00","6.65","0.00"
"2002","Fall Tillage","11.30","0.00","0.00","4.82","4.83","0.00","18.90"
"2002","Spring Tillage","7.70","0.00","0.00","6.10","6.10","7.70","16.40"
"2002","Maunure Charge","17.73","13.51","17.73","13.51","21.96","0.00","0.00"
"2002","Purch. Pert.","0.00","0.00","0.00","0.00","0.00","56.90","25.75"
"2002","Herbicides","0.00","0.00","0.00","0.00","0.00","31.00","31.00"
"2002","Seed","28.00","18.00","28.00","7.07","19.00","30.00","18.00"
"2002","Planting","12.10","12.10","12.10","5.45","5.45","9.80","9.80"
"2002","Rotary Hoe","14.85","14.85","14.85","0.00","0.00","0.00","0.00"
"2002","Spray/Walk","0.00","13.04","0.00","0.00","0.00","5.30","5.30"
"2002","Cultivation","17.30","17.30","17.30","0.00","0.00","6.65","6.65"
"2002","Windrow Oats","0.00","0.00","0.00","9.20","0.00","0.00","0.00"
"2002","Straw Costs","0.00","0.00","0.00","35.62","0.00","0.00","0.00"
"2002","Stubble Costs","0.00","0.00","0.00","25.18","0.00","0.00","0.00"
"2002","Mow/Windrow","7.35","0.00","7.35","7.35","22.05","0.00","0.00"
"2002","Rake","0.00","0.00","0.00","8.50","12.75","0.00","0.00"
"2002","Bale Hay","0.00","0.00","0.00","0.00","71.25","0.00","0.00"
"2002","Stack Residues","23.65","9.50","21.96","0.00","0.00","0.00","0.00"
"2002","Mov & Stor bales","6.42","2.60","5.96","21.73","43.78","0.00","0.00"
"2002","Grain Harvest","19.85","23.05","19.85","21.35","0.00","23.85","23.05"
"2002","Grain Handling","19.41","5.51","19.42","11.09","0.00","15.27","4.20"
"2002","Shell/Grind","17.65","0.00","17.66","11.55","0.00","0.00","0.00"
"2002","Storage","18.00","7.52","18.01","15.14","0.00","17.35","4.77"
"2002","Hedge/P.L.","0.00","0.00","0.00","0.00","0.00","6.94","1.91"
"2002","Drying Cost","0.00","0.00","0.00","0.00","0.00","26.03","0.00"
"2002","Corn RSL","0.00","0.00","0.00","0.00","0.00","5.21","0.00"
"2002","Total Exp. $/A","363.02","276.44","341.90","332.11","336.50","397.55","309.48"
"2002","Cost/bu. Or pound","1.85","4.61","1.74","2.02","0.02","2.29","6.49"
"2002","Labor Return ","32.96","22.96","27.89","28.01","35.99","9.87","10.12"
"2002","Labor&M.R. $/A","186.81","102.20","192.79","275.68","243.32","-14.66","-41.78"
"2001","Crop","Corn","SB","Corn","Oats","Hay","Corn","SB"
"2001","Yield Per Acre. Bu./#","146.88","57.12","138.33","94.10","14188.00","154.00","40.10"
"2001","Price, Bu./#","1.80","4.20","1.80","1.50","0.0375","1.80","4.20"
"2001","Crop Income","264.38","239.90","248.99","141.15","532.05","277.20","168.42"
"2001","Straw Income","0.00","0.00","0.00","141.45","0.00","0.00","0.00"
"2001","Pasture/Stubble","0.00","0.00","0.00","97.62","0.00","0.00","0.00"
"2001","Residue Income","99.13","23.50","91.00","0.00","0.00","0.00","0.00"
"2001","Total Income $/A","363.51","236.40","339.99","380.22","532.05","277.20","168.42"
"2001","Misc. Expense Per Acre","8.00","8.00","8.00","0.00","0.00","8.00","8.00"
"2001","Crop Ins.","4.50","2.62","4.50","0.00","0.00","5.00","3.00"
"2001","Interest","1.21","0.84","1.21","0.45","0.83","8.75","5.90"
"2001","Land Change","124.00","124.00","124.00","124.00","124.00","124.00","124.00"
"2001","Cover Crop","0.00","11.93","0.00","0.00","0.00","0.00","0.00"
"2001","Chop Stks.C.c.","0.00","0.00","0.00","0.00","0.00","0.00","0.00"
"2001","Apply NH4","0.00","0.00","0.00","0.00","0.00","6.70","0.00"
"2001","Fall Tillage","11.05","0.00","0.00","0.00","0.00","0.00","18.65"
"2001","Spring Tillage","7.55","0.00","0.00","9.85","9.85","8.30","15.85"
"2001","Maunure Charge","17.73","13.51","17.73","13.51","21.96","0.00","0.00"
"2001","Purch. Pert.","0.00","0.00","0.00","0.00","0.00","58.60","27.30"
"2001","Herbicides","0.00","0.00","0.00","0.00","0.00","30.00","30.00"
"2001","Seed","27.00","18.00","27.00","4.32","20.90","30.00","18.00"
"2001","Planting","11.65","11.65","11.65","4.63","4.63","9.55","9.55"
"2001","Rotary Hoe","14.85","9.90","9.90","0.00","0.00","0.00","0.00"
"2001","Spray/Walk","0.00","5.88","0.00","0.00","0.00","4.60","4.60"
"2001","Cultivation","15.80","15.80","15.80","0.00","0.00","4.60","4.60"
"2001","Windrow Oats","0.00","0.00","0.00","9.00","0.00","0.00","0.00"
"2001","Straw Costs","0.00","0.00","0.00","30.78","0.00","0.00","0.00"
"2001","Stubble Costs","0.00","0.00","0.00","13.42","0.00","0.00","0.00"
"2001","Mow/Windrow","7.05","0.00","7.05","7.05","21.15","0.00","0.00"
"2001","Rake","0.00","0.00","0.00","7.80","11.70","0.00","0.00"
"2001","Bale Hay","0.00","0.00","0.00","0.00","75.10","0.00","0.00"
"2001","Stack Residues","41.48","8.54","38.08","0.00","0.00","0.00","0.00"
"2001","Mov & Stor bales","13.83","2.85","12.69","16.65","44.52","0.00","0.00"
"2001","Grain Harvest","19.45","23.50","19.45","22.15","0.00","24.25","23.50"
"2001","Grain Handling","16.16","5.14","15.22","8.47","0.00","12.17","3.17"
"2001","Shell/Grind","14.69","0.00","13.83","9.41","0.00","0.00","0.00"
"2001","Storage","15.42","6.74","14.52","11.10","0.00","15.40","4.01"
"2001","Hedge/P.L.","0.00","0.00","0.00","0.00","0.00","6.16","1.60"
"2001","Drying Cost","0.00","0.00","0.00","0.00","0.00","23.10","0.00"
"2001","Corn RSL","0.00","0.00","0.00","0.00","0.00","4.62","0.00"
"2001","Total Exp. $/A","371.42","268.90","340.63","292.59","334.64","385.85","303.78"
"2001","Cost/bu. Or pound","2.10","4.51","2.04","2.30","0.02","2.51","7.58"
"2001","Labor Return ","32.96","22.96","27.89","28.01","35.99","9.87","10.12"
"2001","Labor&M.R. $/A","25.05","17.46","27.25","115.64","233.40","-98.78","-125.24"
"2000","Crop","Corn","SB","Corn","Oats","Hay","Corn","SB"
"2000","Yield Per Acre. Bu./#","152.77","59.83","135.11","97.01","13095.00","155.60","39.70"
"2000","Price, Bu./#","1.85","4.65","1.85","1.20","0.0375","1.85","4.65"
"2000","Crop Income","282.62","278.21","249.95","116.41","491.06","287.86","184.61"
"2000","Straw Income","0.00","0.00","0.00","122.36","0.00","0.00","0.00"
"2000","Pasture/Stubble","0.00","0.00","0.00","150.35","0.00","0.00","0.00"
"2000","Residue Income","100.95","37.51","110.19","0.00","0.00","0.00","0.00"
"2000","Total Income $/A","383.57","315.72","360.14","389.12","491.06","287.86","184.61"
"2000","Misc. Expense Per Acre","8.00","8.00","8.00","0.00","0.00","8.00","8.00"
"2000","Crop Ins.","4.50","2.62","4.50","0.00","0.00","6.00","3.50"
"2000","Interest","1.21","0.84","1.21","0.45","0.83","8.33","5.88"
"2000","Land Change","121.00","121.00","121.00","121.00","121.00","121.00","121.00"
"2000","Cover Crop","0.00","10.91","0.00","0.00","0.00","0.00","0.00"
"2000","Chop Stks.C.c.","0.00","0.00","0.00","0.00","0.00","0.00","0.00"
"2000","Apply NH4","0.00","0.00","0.00","0.00","0.00","6.30","0.00"
"2000","Fall Tillage","10.80","0.00","0.00","4.25","4.25","0.00","18.40"
"2000","Spring Tillage","7.30","0.00","0.00","1.93","1.93","7.30","15.15"
"2000","Maunure Charge","17.73","13.51","17.73","13.51","21.96","0.00","0.00"
"2000","Purch. Pert.","0.00","0.00","0.00","0.00","0.00","51.60","27.30"
"2000","Herbicides","0.00","0.53","0.00","0.00","0.00","30.00","30.00"
"2000","Seed","25.40","19.66","25.40","3.92","22.34","30.00","18.00"
"2000","Planting","11.75","11.75","11.75","4.38","4.38","9.35","9.35"
"2000","Rotary Hoe","4.55","9.10","4.55","0.00","0.00","0.00","0.00"
"2000","Spray/Walk","0.00","6.61","0.00","0.00","0.00","4.30","4.30"
"2000","Cultivation","15.80","23.70","15.80","0.00","0.00","6.30","6.30"
"2000","Windrow Oats","0.00","0.00","0.00","8.80","0.00","0.00","0.00"
"2000","Straw Costs","0.00","0.00","0.00","23.01","0.00","0.00","0.00"
"2000","Stubble Costs","0.00","0.00","0.00","21.31","0.00","0.00","0.00"
"2000","Mow/Windrow","6.80","0.00","6.80","6.80","20.40","0.00","0.00"
"2000","Rake","0.00","0.00","0.00","8.20","12.30","0.00","0.00"
"2000","Bale Hay","0.00","0.00","0.00","0.00","67.89","0.00","0.00"
"2000","Stack Residues","33.12","15.66","36.14","0.00","0.00","0.00","0.00"
"2000","Mov & Stor bales","12.07","5.72","13.17","17.01","28.56","0.00","0.00"
"2000","Grain Harvest","18.25","23.30","18.25","21.15","0.00","24.05","23.30"
"2000","Grain Handling","14.86","4.78","16.80","7.76","0.00","10.58","2.70"
"2000","Shell/Grind","13.51","0.00","15.28","0.00","0.00","0.00","0.00"
"2000","Storage","13.64","6.82","15.42","16.02","13.08","15.56","3.97"
"2000","Hedge/P.L.","0.00","0.00","0.00","0.00","0.00","6.22","1.59"
"2000","Drying Cost","0.00","0.00","0.00","0.00","0.00","23.34","0.00"
"2000","Corn RSL","0.00","0.00","0.00","0.00","0.00","4.67","0.00"
"2000","Total Exp. $/A","340.29","284.51","331.80","279.50","318.92","372.90","298.74"
"2000","Cost/bu. Or pound","1.89","4.40","2.04","2.09","0.0244","2.40","7.52"
"2000","Labor Return ","32.96","22.96","27.89","28.01","35.99","9.87","10.12"
"2000","Labor&M.R. $/A","76.24","54.17","56.23","137.63","208.13","-75.17","-104.02"
"1999","Crop","Corn","SB","Corn","Oats","Hay","Corn","SB"
"1999","Yield Per Acre. Bu./#","140.02","53.85","138.73","80.65","9947.00","155.60","42.90"
"1999","Price, Bu./#","1.60","4.60","1.60","1.20","0.0375","1.60","4.60"
"1999","Crop Income","224.03","247.71","221.97","96.78","373.01","248.96","197.34"
"1999","Straw Income","0.00","0.00","0.00","43.27","0.00","0.00","0.00"
"1999","Pasture/Stubble","0.00","0.00","0.00","164.14","0.00","0.00","0.00"
"1999","Residue Income","79.83","27.94","86.70","0.00","0.00","0.00","0.00"
"1999","Total Income $/A","303.86","275.65","308.67","304.19","373.01","248.96","197.34"
"1999","Misc. Expense Per Acre","8.00","8.00","8.00","0.00","0.00","8.00","8.00"
"1999","Crop Ins.","4.13","3.00","4.13","0.00","0.00","5.50","4.00"
"1999","Interest","1.21","0.84","1.21","0.45","0.83","7.91","5.63"
"1999","Land Change","120.00","120.00","120.00","120.00","120.00","120.00","120.00"
"1999","Cover Crop","0.00","0.00","0.00","0.00","0.00","0.00","0.00"
"1999","Chop Stks.C.c.","0.00","6.35","0.00","0.00","0.00","0.00","0.00"
"1999","Apply NH4","0.00","0.00","0.00","0.00","0.00","6.30","0.00"
"1999","Fall Tillage","10.95","0.00","0.00","0.00","0.00","0.00","18.15"
"1999","Spring Tillage","14.30","0.00","0.00","5.55","5.55","7.15","15.20"
"1999","Maunure Charge","17.73","13.51","17.73","13.51","21.96","0.00","0.00"
"1999","Purch. Pert.","0.00","0.00","0.00","0.00","0.00","52.80","28.10"
"1999","Herbicides","0.00","1.02","0.00","0.00","0.00","30.00","30.00"
"1999","Seed","25.18","22.29","25.63","3.39","22.34","30.00","18.00"
"1999","Planting","11.75","11.75","11.75","4.30","4.30","9.00","9.00"
"1999","Rotary Hoe","9.00","9.00","9.00","0.00","0.00","0.00","0.00"
"1999","Spray/Walk","0.00","7.44","0.00","0.00","0.00","4.25","4.25"
"1999","Cultivation","15.20","30.40","15.20","0.00","0.00","6.35","6.35"
"1999","Windrow Oats","0.00","0.00","0.00","8.70","0.00","0.00","0.00"
"1999","Straw Costs","0.00","0.00","0.00","17.03","0.00","0.00","0.00"
"1999","Stubble Costs","0.00","0.00","0.00","22.91","0.00","0.00","0.00"
"1999","Mow/Windrow","6.60","0.00","6.60","6.60","19.80","0.00","0.00"
"1999","Rake","0.00","0.00","0.00","4.10","12.30","0.00","0.00"
"1999","Bale Hay","0.00","0.00","0.00","0.00","49.11","0.00","0.00"
"1999","Stack Residues","31.86","11.12","34.59","0.00","0.00","0.00","0.00"
"1999","Mov & Stor bales","10.88","4.37","11.81","14.11","19.30","0.00","0.00"
"1999","Grain Harvest","17.90","23.10","17.90","20.70","0.00","23.90","23.10"
"1999","Grain Handling","15.40","4.85","15.26","7.26","0.00","10.26","3.29"
"1999","Shell/Grind","14.00","0.00","13.87","0.00","0.00","0.00","0.00"
"1999","Storage","12.60","5.82","12.49","8.71","4.97","14.66","4.70"
"1999","Hedge/P.L.","0.00","0.00","0.00","0.00","0.00","5.86","1.88"
"1999","Drying Cost","0.00","0.00","0.00","0.00","0.00","21.99","0.00"
"1999","Corn RSL","0.00","0.00","0.00","0.00","0.00","4.40","0.00"
"1999","Total Exp. $/A","346.69","282.86","325.17","257.32","280.46","368.33","299.65"
"1999","Cost/bu. Or pound","2.12","4.97","1.96","2.39","0.03","2.37","6.98"
"1999","Labor Return ","32.96","22.96","27.89","28.01","35.99","9.87","10.12"
"1999","Labor&M.R. $/A","-9.87","15.75","11.39","74.88","128.54","-109.50","-92.19"
"1998","Crop","Corn","SB","Corn","Oats","Hay","Corn","SB"
"1998","Yield Per Acre. Bu./#","180.57","56.06","164.10","67.85","13227.00","146.60","47.00"
"1998","Price, Bu./#","1.90","5.40","1.90","1.10","0.035","1.90","5.40"
"1998","Crop Income","343.08","302.72","311.79","74.64","462.95","278.54","253.80"
"1998","Straw Income","0.00","0.00","0.00","85.83","0.00","0.00","0.00"
"1998","Pasture/Stubble","0.00","0.00","0.00","138.52","0.00","0.00","0.00"
"1998","Residue Income","79.37","19.26","57.39","0.00","0.00","0.00","0.00"
"1998","Total Income $/A","422.45","321.98","369.18","298.99","462.95","278.54","253.80"
"1998","Misc. Expense Per Acre","8.00","8.00","8.00","0.00","0.00","8.00","8.00"
"1998","Crop Ins.","3.38","4.13","3.38","0.00","0.00","4.50","5.50"
"1998","Interest","1.66","1.15","1.66","0.62","1.13","8.11","5.73"
"1998","Land Change","125.00","125.00","125.00","125.00","125.00","125.00","125.00"
"1998","Cover Crop","0.00","11.20","0.00","0.00","0.00","0.00","0.00"
"1998","Chop Stks.C.c.","0.00","6.35","0.00","0.00","0.00","0.00","0.00"
"1998","Apply NH4","0.00","0.00","0.00","0.00","0.00","6.35","0.00"
"1998","Fall Tillage","11.15","0.00","0.00","0.00","0.00","0.00","17.85"
"1998","Spring Tillage","13.90","0.00","0.00","7.25","7.25","6.95","15.15"
"1998","Maunure Charge","17.73","13.51","17.73","13.51","21.96","0.00","0.00"
"1998","Purch. Pert.","0.00","0.00","0.00","0.00","0.00","57.00","28.10"
"1998","Herbicides","0.00","1.63","0.00","0.00","0.00","30.00","30.00"
"1998","Seed","29.80","19.50","29.80","3.41","22.33","30.00","18.00"
"1998","Planting","11.45","11.45","11.45","4.45","4.45","8.85","8.85"
"1998","Rotary Hoe","8.90","4.45","8.90","0.00","0.00","0.00","0.00"
"1998","Spray/Walk","0.00","11.16","0.00","0.00","0.00","4.00","4.00"
"1998","Cultivation","7.55","22.65","7.55","0.00","0.00","6.20","6.20"
"1998","Windrow Oats","0.00","0.00","0.00","8.45","0.00","0.00","0.00"
"1998","Straw Costs","0.00","0.00","0.00","25.23","0.00","0.00","0.00"
"1998","Stubble Costs","0.00","0.00","0.00","19.58","0.00","0.00","0.00"
"1998","Mow/Windrow","6.70","0.00","6.70","6.70","20.10","0.00","0.00"
"1998","Rake","0.00","0.00","0.00","7.80","11.70","0.00","0.00"
"1998","Bale Hay","0.00","0.00","0.00","0.00","63.38","0.00","0.00"
"1998","Stack Residues","26.35","6.27","19.05","0.00","0.00","0.00","0.00"
"1998","Mov & Stor bales","7.62","1.81","5.51","13.83","21.13","0.00","0.00"
"1998","Grain Harvest","17.95","22.55","17.95","21.15","0.00","23.40","22.55"
"1998","Grain Handling","19.86","4.15","18.05","5.02","0.00","10.26","3.29"
"1998","Shell/Grind","18.06","0.00","16.41","0.00","0.00","0.00","0.00"
"1998","Storage","15.71","7.06","14.30","8.55","4.40","14.66","4.70"
"1998","Hedge/P.L.","0.00","0.00","0.00","0.00","0.00","5.86","1.88"
"1998","Drying Cost","0.00","0.00","0.00","0.00","0.00","21.99","0.00"
"1998","Corn RSL","0.00","0.00","0.00","0.00","0.00","4.40","0.00"
"1998","Total Exp. $/A","350.77","282.02","311.44","270.55","302.83","375.53","304.80"
"1998","Cost/bu. Or pound","1.72","4.89","1.71","2.91","0.0229","2.56","6.49"
"1998","Labor Return ","32.96","22.96","27.89","28.01","35.99","9.87","10.12"
"1998","Labor&M.R. $/A","104.64","62.92","85.63","56.45","196.11","-87.12","-40.88"
"1997","Crop","Corn","SB","Corn","Oats","Hay","Corn","SB"
"1997","Yield Per Acre. Bu./#","161.25","58.77","148.28","91.03","7991.00","149.10","44.60"
"1997","Price, Bu./#","2.45","6.85","2.45","1.60","0.035","2.45","6.85"
"1997","Crop Income","395.06","402.57","363.29","145.65","279.69","365.30","305.51"
"1997","Straw Income","0.00","0.00","0.00","74.60","0.00","0.00","0.00"
"1997","Pasture/Stubble","0.00","0.00","0.00","66.57","0.00","0.00","0.00"
"1997","Residue Income","87.13","26.50","71.28","0.00","0.00","0.00","0.00"
"1997","Total Income $/A","482.19","429.07","434.57","286.82","279.69","365.30","305.51"
"1997","Misc. Expense Per Acre","8.00","8.00","8.00","0.00","0.00","8.00","8.00"
"1997","Crop Ins.","3.15","3.90","3.15","0.00","0.00","4.20","5.20"
"1997","Interest","1.66","1.15","1.66","0.62","1.13","8.58","5.80"
"1997","Land Change","125.00","125.00","125.00","125.00","125.00","125.00","125.00"
"1997","Cover Crop","2.80","0.00","8.90","0.00","0.00","0.00","0.00"
"1997","Chop Stks.C.c.","0.00","0.00","0.00","0.00","0.00","0.00","0.00"
"1997","Apply NH4","0.00","0.00","0.00","0.00","0.00","6.50","0.00"
"1997","Fall Tillage","11.05","0.00","0.00","0.00","0.00","0.00","17.85"
"1997","Spring Tillage","14.20","0.00","0.00","7.15","7.15","7.10","15.35"
"1997","Maunure Charge","17.73","13.51","17.73","13.51","21.96","0.00","0.00"
"1997","Purch. Pert.","0.00","0.00","0.00","0.00","0.00","60.76","28.15"
"1997","Herbicides","0.00","0.00","0.00","0.00","0.00","25.75","28.00"
"1997","Seed","29.40","17.80","29.40","9.26","22.58","29.40","14.50"
"1997","Planting","11.50","11.50","11.50","4.32","4.33","8.75","8.75"
"1997","Rotary Hoe","9.10","9.10","9.10","0.00","0.00","0.00","0.00"
"1997","Spray/Walk","0.00","0.00","0.00","0.00","0.00","3.95","3.95"
"1997","Cultivation","15.80","15.80","15.80","0.00","0.00","5.95","5.95"
"1997","Windrow Oats","0.00","0.00","0.00","8.40","0.00","0.00","0.00"
"1997","Straw Costs","0.00","0.00","0.00","25.58","0.00","0.00","0.00"
"1997","Stubble Costs","0.00","0.00","0.00","8.77","0.00","0.00","0.00"
"1997","Mow/Windrow","6.50","0.00","6.50","6.50","19.50","0.00","0.00"
"1997","Rake","0.00","0.00","0.00","7.60","11.40","0.00","0.00"
"1997","Bale Hay","0.00","0.00","0.00","0.00","41.48","0.00","0.00"
"1997","Stack Residues","29.04","8.49","23.76","0.00","0.00","0.00","0.00"
"1997","Mov & Stor bales","7.57","2.21","6.19","7.36","12.74","0.00","0.00"
"1997","Grain Harvest","19.00","22.60","19.00","20.95","0.00","23.35","22.60"
"1997","Grain Handling","17.74","5.29","16.31","8.19","0.00","10.88","3.26"
"1997","Shell/Grind","16.13","0.00","14.83","0.00","0.00","0.00","0.00"
"1997","Storage","15.16","7.52","13.94","11.65","2.96","14.91","4.46"
"1997","Hedge/P.L.","0.00","0.00","0.00","0.00","0.00","5.96","1.78"
"1997","Drying Cost","0.00","0.00","0.00","0.00","0.00","22.37","0.00"
"1997","Corn RSL","0.00","0.00","0.00","0.00","0.00","4.47","0.00"
"1997","Total Exp. $/A","360.53","251.87","330.77","264.86","270.23","375.88","298.60"
"1997","Cost/bu. Or pound","1.97","4.10","1.98","2.30","0.0338","2.52","6.70"
"1997","Labor Return ","32.96","22.96","27.89","28.01","35.99","9.87","10.12"
"1997","Labor&M.R. $/A","154.62","200.16","131.69","49.97","45.45","-0.71","17.03"
"1996","Crop","Corn","SB","Corn","Oats","Hay","Corn","SB"
"1996","Yield Per Acre. Bu./#","169.52","53.27","170.73","86.11","9679.00","148.90","46.30"
"1996","Price, Bu./#","2.35","6.65","2.35","1.95","0.0375","2.35","6.65"
"1996","Crop Income","398.37","354.25","401.22","167.91","362.96","349.92","307.90"
"1996","Straw Income","0.00","0.00","0.00","102.88","0.00","0.00","0.00"
"1996","Pasture/Stubble","0.00","0.00","0.00","160.87","0.00","0.00","0.00"
"1996","Residue Income","85.09","32.98","88.36","0.00","0.00","0.00","0.00"
"1996","Total Income $/A","483.46","387.23","489.58","431.66","362.96","349.92","307.90"
"1996","Misc. Expense Per Acre","8.00","8.00","8.00","0.00","0.00","8.00","8.00"
"1996","Crop Ins.","3.15","3.90","3.15","0.00","0.00","4.20","5.20"
"1996","Interest","4.07","3.04","3.70","1.87","1.83","8.36","5.66"
"1996","Land Change","119.00","119.00","119.00","119.00","119.00","119.00","119.00"
"1996","Cover Crop","2.32","10.47","6.95","0.00","0.00","0.00","0.00"
"1996","Chop Stks.C.c.","0.00","0.00","0.00","0.00","0.00","0.00","0.00"
"1996","Apply NH4","0.00","0.00","0.00","0.00","0.00","6.30","0.00"
"1996","Fall Tillage","10.85","0.00","0.00","4.30","4.30","0.00","17.65"
"1996","Spring Tillage","6.85","0.00","0.00","3.50","3.50","13.70","20.75"
"1996","Maunure Charge","17.73","13.51","17.73","13.51","21.96","0.00","0.00"
"1996","Purch. Pert.","0.00","0.00","0.00","0.00","0.00","58.20","27.35"
"1996","Herbicides","0.00","0.00","0.00","0.00","0.00","25.00","27.00"
"1996","Seed","25.65","21.02","25.65","9.36","17.38","25.65","14.00"
"1996","Planting","11.40","11.40","11.40","4.08","4.08","9.70","9.70"
"1996","Rotary Hoe","9.10","9.10","9.10","0.00","0.00","0.00","0.00"
"1996","Spray/Walk","0.00","0.00","0.00","0.00","0.00","3.90","3.90"
"1996","Cultivation","14.60","14.60","14.60","0.00","0.00","5.85","11.70"
"1996","Windrow Oats","0.00","0.00","0.00","8.25","0.00","0.00","0.00"
"1996","Straw Costs","0.00","0.00","0.00","22.20","0.00","0.00","0.00"
"1996","Stubble Costs","0.00","0.00","0.00","17.46","0.00","0.00","0.00"
"1996","Mow/Windrow","6.15","0.00","6.15","6.15","24.60","0.00","0.00"
"1996","Rake","3.50","0.00","3.50","7.00","14.00","0.00","0.00"
"1996","Bale Hay","0.00","0.00","0.00","0.00","46.31","0.00","0.00"
"1996","Stack Residues","21.53","9.61","22.36","0.00","0.00","0.00","0.00"
"1996","Mov & Stor bales","3.17","1.41","3.29","4.44","6.81","0.00","0.00"
"1996","Grain Harvest","17.25","22.20","17.25","20.70","0.00","22.90","22.20"
"1996","Grain Handling","18.70","4.08","18.81","6.62","0.00","10.85","3.08"
"1996","Shell/Grind","16.95","0.00","17.07","0.00","0.00","0.00","0.00"
"1996","Storage","15.64","6.04","15.73","12.04","3.41","15.50","4.40"
"1996","Hedge/P.L.","0.00","0.00","0.00","0.00","0.00","6.20","1.76"
"1996","Drying Cost","0.00","0.00","0.00","0.00","0.00","23.25","0.00"
"1996","Corn RSL","0.00","0.00","0.00","0.00","0.00","4.65","0.00"
"1996","Total Exp. $/A","335.61","257.38","323.44","260.48","267.18","371.21","301.35"
"1996","Cost/bu. Or pound","1.78","4.62","1.69","2.36","0.0276","2.49","6.51"
"1996","Labor Return ","32.96","22.96","27.89","28.01","35.99","9.87","10.12"
"1996","Labor&M.R. $/A","180.81","152.81","194.03","199.19","131.77","-11.42","16.67"
"1995","Crop","Corn","SB","Corn","Oats","Hay","Corn","SB"
"1995","Yield Per Acre. Bu./#","179.35","59.00","159.87","84.61","8915.00","149.90","49.00"
"1995","Price, Bu./#","2.95","6.40","2.95","1.75","0.035","2.95","6.40"
"1995","Crop Income","529.08","377.60","471.62","148.07","312.03","442.21","313.60"
"1995","Straw Income","0.00","0.00","0.00","78.63","0.00","0.00","0.00"
"1995","Pasture/Stubble","0.00","0.00","0.00","92.53","0.00","0.00","0.00"
"1995","Residue Income","100.33","35.19","95.98","0.00","0.00","0.00","0.00"
"1995","Total Income $/A","629.41","412.79","567.60","319.23","312.03","442.21","313.60"
"1995","Misc. Expense Per Acre","8.00","8.00","8.00","5.00","5.00","8.00","8.00"
"1995","Crop Ins.","3.15","3.90","3.15","0.00","0.00","4.20","5.20"
"1995","Interest","4.28","3.20","3.90","1.97","1.93","8.02","5.34"
"1995","Land Change","113.00","113.00","113.00","113.00","113.00","113.00","113.00"
"1995","Cover Crop","2.20","9.75","6.25","0.00","0.00","0.00","0.00"
"1995","Chop Stks.C.c.","0.00","0.00","0.00","0.00","0.00","0.00","0.00"
"1995","Apply NH4","0.00","0.00","0.00","0.00","0.00","6.25","0.00"
"1995","Fall Tillage","11.15","0.00","0.00","4.80","4.80","0.00","17.00"
"1995","Spring Tillage","13.50","0.00","0.00","3.38","3.38","13.50","20.35"
"1995","Maunure Charge","17.73","13.51","17.73","13.51","21.96","0.00","0.00"
"1995","Purch. Pert.","0.00","0.00","0.00","0.00","0.00","54.39","26.15"
"1995","Herbicides","0.00","0.00","0.00","0.00","0.00","20.85","19.85"
"1995","Seed","25.52","21.02","25.52","6.25","17.50","25.52","14.00"
"1995","Planting","11.30","11.30","11.30","3.78","3.78","9.00","9.00"
"1995","Rotary Hoe","9.00","13.50","9.00","0.00","0.00","0.00","4.50"
"1995","Spray/Walk","0.00","0.00","0.00","0.00","0.00","3.85","3.85"
"1995","Cultivation","15.50","15.50","15.50","0.00","0.00","5.70","11.40"
"1995","Windrow Oats","0.00","0.00","0.00","7.90","0.00","0.00","0.00"
"1995","Straw Costs","0.00","0.00","0.00","12.75","0.00","0.00","0.00"
"1995","Stubble Costs","0.00","0.00","0.00","11.00","0.00","0.00","0.00"
"1995","Mow/Windrow","6.05","0.00","6.05","6.05","18.15","0.00","0.00"
"1995","Rake","0.00","0.00","0.00","7.40","11.10","0.00","0.00"
"1995","Bale Hay","0.00","0.00","0.00","0.00","55.90","0.00","0.00"
"1995","Stack Residues","24.64","9.04","24.64","0.00","0.00","0.00","0.00"
"1995","Mov & Stor bales","3.73","1.37","3.57","3.60","8.47","0.00","0.00"
"1995","Grain Harvest","17.75","22.20","17.75","20.45","0.00","23.10","22.20"
"1995","Grain Handling","19.69","4.13","17.60","6.80","0.00","10.50","3.43"
"1995","Shell/Grind","17.94","0.00","15.99","0.00","0.00","0.00","0.00"
"1995","Storage","21.48","5.90","19.20","11.90","4.24","15.00","4.90"
"1995","Hedge/P.L.","0.00","0.00","0.00","0.00","0.00","4.00","1.96"
"1995","Drying Cost","0.00","0.00","0.00","0.00","0.00","22.50","0.00"
"1995","Corn RSL","0.00","0.00","0.00","0.00","0.00","4.50","0.00"
"1995","Total Exp. $/A","345.61","255.32","318.15","239.54","269.21","351.88","290.13"
"1995","Cost/bu. Or pound","1.74","4.15","1.78","2.35","0.0302","2.35","5.92"
"1995","Labor Return ","32.96","22.96","28.89","27.89","35.99","9.87","10.12"
"1995","Labor&M.R. $/A","316.76","180.43","278.34","107.58","78.81","100.20","33.59"
"1994","Crop","Corn","SB","Corn","Oats","Hay","Corn","SB"
"1994","Yield Per Acre. Bu./#","155.17","71.30","170.85","105.57","9194.00","163.50","52.00"
"1994","Price, Bu./#","2.00","5.35","2.00","1.25","0.0375","2.00","5.35"
"1994","Crop Income","310.34","381.46","341.70","131.96","344.78","327.00","278.20"
"1994","Straw Income","0.00","0.00","0.00","85.71","0.00","0.00","0.00"
"1994","Pasture/Stubble","0.00","0.00","0.00","83.96","0.00","0.00","0.00"
"1994","Residue Income","81.25","44.21","95.47","0.00","0.00","0.00","0.00"
"1994","Total Income $/A","391.59","425.67","437.17","301.63","344.78","327.00","278.20"
"1994","Misc. Expense Per Acre","10.00","10.00","10.00","0.00","0.00","10.00","10.00"
"1994","Crop Ins.","3.75","4.50","3.75","0.00","0.00","5.00","6.00"
"1994","Interest","4.07","3.04","3.70","1.87","1.83","7.28","5.23"
"1994","Land Change","110.00","110.00","110.00","110.00","110.00","110.00","110.00"
"1994","Cover Crop","0.00","0.00","0.00","0.00","0.00","0.00","0.00"
"1994","Chop Stks.C.c.","0.00","0.00","0.00","0.00","0.00","0.00","0.00"
"1994","Apply NH4","0.00","0.00","0.00","0.00","0.00","28.12","0.00"
"1994","Fall Tillage","10.80","0.00","0.00","0.00","0.00","0.00","17.65"
"1994","Spring Tillage","6.60","0.00","0.00","6.90","6.90","13.70","20.75"
"1994","Maunure Charge","17.73","13.51","17.73","13.51","21.96","0.00","0.00"
"1994","Purch. Pert.","0.00","0.00","0.00","0.00","0.00","24.82","24.82"
"1994","Herbicides","0.00","0.00","0.00","0.00","0.00","26.38","30.00"
"1994","Seed","28.20","18.00","28.20","10.00","16.20","28.20","18.00"
"1994","Planting","11.40","11.40","11.40","3.90","3.90","9.70","9.70"
"1994","Rotary Hoe","8.50","4.25","8.50","0.00","0.00","0.00","0.00"
"1994","Spray/Walk","0.00","0.00","0.00","8.10","0.00","0.00","0.00"
"1994","Cultivation","15.60","15.60","15.60","0.00","0.00","10.40","10.40"
"1994","Windrow Oats","0.00","0.00","0.00","8.10","0.00","0.00","0.00"
"1994","Straw Costs","0.00","0.00","0.00","15.61","0.00","0.00","0.00"
"1994","Stubble Costs","0.00","0.00","0.00","11.15","0.00","0.00","0.00"
"1994","Mow/Windrow","6.15","0.00","6.15","6.40","19.20","0.00","0.00"
"1994","Rake","0.00","0.00","0.00","3.50","10.50","0.00","0.00"
"1994","Bale Hay","0.00","0.00","0.00","0.00","43.81","0.00","0.00"
"1994","Stack Residues","15.46","10.95","26.71","0.00","0.00","0.00","0.00"
"1994","Mov & Stor bales","3.25","1.77","3.82","5.10","9.19","0.00","0.00"
"1994","Grain Harvest","17.50","22.00","17.50","22.00","0.00","23.00","22.00"
"1994","Grain Handling","17.07","5.49","18.79","8.13","0.00","10.79","3.43"
"1994","Shell/Grind","15.52","0.00","17.09","0.00","0.00","0.00","0.00"
"1994","Storage","14.28","8.13","15.72","12.04","4.60","16.35","5.30"
"1994","Hedge/P.L.","0.00","0.00","0.00","0.00","0.00","6.54","2.12"
"1994","Drying Cost","0.00","0.00","0.00","0.00","0.00","24.53","0.00"
"1994","Corn RSL","0.00","0.00","0.00","0.00","0.00","4.91","0.00"
"1994","Total Exp. $/A","315.88","238.64","314.66","238.21","248.09","359.72","295.40"
"1994","Cost/bu. Or pound","1.88","3.17","1.63","1.86","0.027","2.20","5.68"
"1994","Labor Return ","32.96","22.96","27.89","28.01","35.99","9.87","10.12"
"1994","Labor&M.R. $/A","108.67","209.99","150.40","91.43","132.68","-22.85","-7.08"
"1993","Crop","Corn","SB","Corn","Oats","Hay","Corn","SB"
"1993","Yield Per Acre. Bu./#","89.90","45.33","71.63","57.41","8163.00","84.00","32.60"
"1993","Price, Bu./#","2.65","6.55","2.65","1.40","0.045","2.65","6.55"
"1993","Crop Income","237.97","296.91","189.82","80.37","367.34","222.60","213.53"
"1993","Straw Income","0.00","0.00","0.00","63.05","0.00","0.00","0.00"
"1993","Pasture/Stubble","0.00","0.00","0.00","67.71","0.00","0.00","0.00"
"1993","Residue Income","103.97","16.95","48.91","0.00","0.00","0.00","0.00"
"1993","Total Income $/A","341.94","313.86","238.73","211.13","367.34","222.60","213.53"
"1993","Misc. Expense Per Acre","10.00","10.00","10.00","0.00","0.00","10.00","10.00"
"1993","Crop Ins.","4.80","6.08","4.80","0.00","0.00","6.40","8.10"
"1993","Interest","4.28","3.20","3.90","1.97","1.93","7.74","5.67"
"1993","Land Change","111.00","111.00","111.00","111.00","111.00","111.00","111.00"
"1993","Cover Crop","0.00","8.30","8.30","0.00","0.00","0.00","0.00"
"1993","Chop Stks.C.c.","0.00","0.00","0.00","0.00","0.00","0.00","0.00"
"1993","Apply NH4","0.00","0.00","18.16","0.00","0.00","27.59","0.00"
"1993","Fall Tillage","10.60","0.00","0.00","0.00","0.00","6.30","17.65"
"1993","Spring Tillage","6.40","0.00","0.00","6.80","0.00","13.70","20.75"
"1993","Maunure Charge","17.73","13.51","17.73","13.51","21.96","0.00","0.00"
"1993","Purch. Pert.","0.00","0.00","15.96","0.00","0.00","21.22","21.22"
"1993","Herbicides","0.00","0.00","0.00","0.00","0.00","26.38","30.00"
"1993","Seed","26.52","18.00","26.52","14.00","13.00","26.52","16.00"
"1993","Planting","11.40","11.40","11.40","3.75","3.75","8.10","8.10"
"1993","Rotary Hoe","4.25","12.75","4.25","0.00","0.00","0.00","0.00"
"1993","Spray/Walk","0.00","0.00","0.00","0.00","0.00","0.00","0.00"
"1993","Cultivation","7.80","15.60","7.80","0.00","0.00","5.40","10.80"
"1993","Windrow Oats","0.00","0.00","0.00","6.10","0.00","0.00","0.00"
"1993","Straw Costs","0.00","0.00","0.00","16.72","0.00","0.00","0.00"
"1993","Stubble Costs","0.00","0.00","0.00","3.99","0.00","0.00","0.00"
"1993","Mow/Windrow","0.00","0.00","6.15","6.15","18.45","0.00","0.00"
"1993","Rake","0.00","0.00","0.00","3.20","9.60","0.00","0.00"
"1993","Bale Hay","0.00","0.00","0.00","0.00","26.50","0.00","0.00"
"1993","Stack Residues","20.33","3.32","13.25","0.00","0.00","0.00","0.00"
"1993","Mov & Stor bales","4.16","0.68","1.96","4.02","8.16","0.00","0.00"
"1993","Grain Harvest","16.10","21.90","16.10","21.00","0.00","23.00","22.00"
"1993","Grain Handling","9.88","3.49","7.88","4.42","0.00","5.54","2.15"
"1993","Shell/Grind","8.98","0.00","7.16","0.00","0.00","0.00","0.00"
"1993","Storage","5.57","5.17","6.59","6.32","4.08","8.40","3.26"
"1993","Hedge/P.L.","0.00","0.00","0.00","0.00","0.00","3.36","1.30"
"1993","Drying Cost","0.00","0.00","0.00","0.00","0.00","12.60","0.00"
"1993","Corn RSL","0.00","0.00","0.00","0.00","0.00","2.52","0.00"
"1993","Total Exp. $/A","279.80","244.40","298.91","222.95","218.43","325.77","288.00"
"1993","Cost/bu. Or pound","2.84","5.30","3.87","3.29","0.0268","3.88","8.83"
"1993","Labor Return ","32.96","22.96","28.89","28.01","35.99","9.87","10.12"
"1993","Labor&M.R. $/A","95.10","92.42","-31.29","16.19","184.90","-93.30","-64.35"
"1992","Crop","Corn","SB","Corn","Oats","Hay","Corn","SB"
"1992","Yield Per Acre. Bu./#","193.00","60.55","189.90","79.64","10920.00","163.80","46.10"
"1992","Price, Bu./#","1.90","5.35","1.90","1.25","0.035","1.90","5.35"
"1992","Crop Income","366.70","323.94","360.81","99.55","382.20","311.22","246.64"
"1992","Straw Income","0.00","0.00","0.00","75.38","0.00","0.00","0.00"
"1992","Pasture/Stubble","0.00","0.00","0.00","57.58","0.00","0.00","0.00"
"1992","Residue Income","0.00","0.00","86.86","0.00","0.00","0.00","0.00"
"1992","Total Income $/A","366.70","323.94","447.67","232.51","382.20","311.22","246.64"
"1992","Misc. Expense Per Acre","10.00","10.00","10.00","5.00","5.00","10.00","10.00"
"1992","Crop Ins.","4.54","5.63","4.54","0.00","0.00","6.05","7.50"
"1992","Interest","5.14","3.84","4.68","2.36","2.31","8.68","6.49"
"1992","Land Change","109.00","109.00","109.00","109.00","109.00","109.00","109.00"
"1992","Cover Crop","8.30","8.30","8.30","0.00","0.00","0.00","0.00"
"1992","Chop Stks.C.c.","0.00","0.00","0.00","0.00","0.00","0.00","0.00"
"1992","Apply NH4","0.00","0.00","0.00","0.00","0.00","26.00","0.00"
"1992","Fall Tillage","8.70","0.00","0.00","0.00","0.00","0.00","17.65"
"1992","Spring Tillage","12.00","0.00","0.00","5.99","5.99","13.70","20.75"
"1992","Maunure Charge","17.73","13.51","17.73","13.51","21.96","0.00","0.00"
"1992","Purch. Pert.","17.50","0.00","17.50","0.00","0.00","19.15","19.15"
"1992","Herbicides","0.00","0.00","0.00","0.00","0.00","26.38","17.00"
"1992","Seed","26.52","19.98","26.52","9.00","12.10","23.85","17.00"
"1992","Planting","10.40","10.40","10.40","3.25","3.25","8.20","8.20"
"1992","Rotary Hoe","0.00","6.00","0.00","0.00","0.00","0.00","0.00"
"1992","Spray/Walk","0.00","0.00","0.00","0.00","0.00","0.00","0.00"
"1992","Cultivation","14.20","14.20","14.20","0.00","0.00","5.20","10.40"
"1992","Windrow Oats","0.00","0.00","0.00","7.90","0.00","0.00","0.00"
"1992","Straw Costs","0.00","0.00","0.00","18.10","0.00","0.00","0.00"
"1992","Stubble Costs","0.00","0.00","0.00","5.96","0.00","0.00","0.00"
"1992","Mow/Windrow","0.00","0.00","0.00","6.15","18.45","0.00","0.00"
"1992","Rake","0.00","0.00","0.00","3.15","9.45","0.00","0.00"
"1992","Bale Hay","0.00","0.00","0.00","0.00","43.76","0.00","0.00"
"1992","Stack Residues","0.00","0.00","22.08","0.00","0.00","0.00","0.00"
"1992","Mov & Stor bales","0.00","0.00","3.47","4.66","10.91","0.00","0.00"
"1992","Grain Harvest","17.10","21.70","17.10","19.60","0.00","22.70","21.70"
"1992","Grain Handling","21.23","4.66","20.89","6.13","0.00","10.81","3.04"
"1992","Shell/Grind","19.30","0.00","18.99","0.00","0.00","0.00","0.00"
"1992","Storage","17.76","6.90","17.47","7.33","5.45","16.38","4.61"
"1992","Hedge/P.L.","0.00","0.00","0.00","0.00","0.00","6.55","1.84"
"1992","Drying Cost","0.00","0.00","0.00","0.00","0.00","24.57","0.00"
"1992","Corn RSL","0.00","0.00","0.00","0.00","0.00","4.91","0.00"
"1992","Total Exp. $/A","319.42","234.12","322.87","227.09","247.63","342.13","287.33"
"1992","Cost/bu. Or pound","1.66","3.87","1.57","2.37","0.0227","2.09","6.23"
"1992","Labor Return ","27.54","19.02","22.47","28.01","35.99","9.87","10.12"
"1992","Labor&M.R. $/A","74.82","108.84","147.27","33.43","170.56","-21.04","-30.58"
"1991","Crop","Corn","SB","Corn","Oats","Hay","Corn","SB"
"1991","Yield Per Acre. Bu./#","113.14","52.96","123.17","64.80","9920.00","123.40","41.70"
"1991","Price, Bu./#","2.25","5.45","2.25","1.20","0.03","2.25","5.45"
"1991","Crop Income","254.57","288.63","277.13","77.76","297.60","277.65","227.27"
"1991","Straw Income","0.00","0.00","0.00","47.73","0.00","0.00","0.00"
"1991","Pasture/Stubble","0.00","0.00","0.00","91.51","0.00","0.00","0.00"
"1991","Residue Income","50.00","0.00","56.25","0.00","0.00","0.00","0.00"
"1991","Total Income $/A","304.57","288.63","333.38","217.00","297.60","277.65","227.27"
"1991","Misc. Expense Per Acre","10.00","10.00","10.00","5.00","5.00","10.00","10.00"
"1991","Crop Ins.","4.54","5.63","4.54","0.00","0.00","6.05","7.50"
"1991","Interest","4.92","3.68","4.48","2.26","2.22","8.39","6.44"
"1991","Land Change","109.00","109.00","109.00","109.00","109.00","109.00","109.00"
"1991","Cover Crop","0.00","8.30","0.00","0.00","0.00","0.00","0.00"
"1991","Chop Stks.C.c.","5.40","10.80","0.00","0.00","0.00","0.00","0.00"
"1991","Apply NH4","0.00","0.00","0.00","0.00","0.00","26.70","0.00"
"1991","Fall Tillage","14.00","0.00","0.00","5.99","0.00","0.00","17.65"
"1991","Spring Tillage","10.60","0.00","0.00","0.00","5.99","13.70","20.75"
"1991","Maunure Charge","17.73","13.51","17.73","13.51","21.96","0.00","0.00"
"1991","Purch. Pert.","15.74","7.52","22.42","15.05","15.05","17.65","17.65"
"1991","Herbicides","0.00","0.00","0.00","0.00","0.00","26.38","30.00"
"1991","Seed","26.52","19.98","26.52","9.00","12.10","23.85","19.98"
"1991","Planting","10.40","10.40","10.40","3.25","3.25","8.20","8.20"
"1991","Rotary Hoe","3.00","9.00","3.00","0.00","0.00","0.00","0.00"
"1991","Spray/Walk","0.00","0.00","0.00","0.00","0.00","0.00","0.00"
"1991","Cultivation","14.20","14.20","14.20","0.00","0.00","5.20","10.40"
"1991","Windrow Oats","0.00","0.00","0.00","7.90","0.00","0.00","0.00"
"1991","Straw Costs","0.00","0.00","0.00","10.17","0.00","0.00","0.00"
"1991","Stubble Costs","0.00","0.00","0.00","0.00","0.00","0.00","0.00"
"1991","Mow/Windrow","0.00","0.00","0.00","0.00","18.45","0.00","0.00"
"1991","Rake","0.00","0.00","0.00","0.00","9.45","0.00","0.00"
"1991","Bale Hay","0.00","0.00","0.00","0.00","40.99","0.00","0.00"
"1991","Stack Residues","15.00","0.00","13.93","0.00","0.00","0.00","0.00"
"1991","Mov & Stor bales","2.00","0.00","2.25","1.59","9.92","0.00","0.00"
"1991","Grain Harvest","17.10","21.70","17.10","19.60","0.00","22.70","21.70"
"1991","Grain Handling","12.45","4.08","13.55","4.99","0.00","8.14","2.75"
"1991","Shell/Grind","11.31","0.00","12.32","0.00","0.00","0.00","0.00"
"1991","Storage","10.41","6.04","11.33","7.39","4.96","12.34","4.17"
"1991","Hedge/P.L.","0.00","0.00","0.00","0.00","0.00","4.94","1.67"
"1991","Drying Cost","0.00","0.00","0.00","0.00","0.00","18.51","0.00"
"1991","Corn RSL","0.00","0.00","0.00","0.00","0.00","3.70","0.00"
"1991","Total Exp. $/A","314.32","253.84","292.77","214.70","258.34","325.45","287.86"
"1991","Cost/bu. Or pound","2.63","4.79","2.25","3.13","0.026","2.64","6.90"
"1991","Labor Return ","27.54","19.02","27.89","28.01","35.99","9.87","10.12"
"1991","Labor&M.R. $/A","17.78","53.81","68.50","30.31","75.25","-37.93","-50.48"
"1990","Crop","Corn","SB","Corn","Oats","Hay","Corn","SB"
"1990","Yield Per Acre. Bu./#","135.19","48.55","131.09","92.64","10400.00","118.80","39.80"
"1990","Price, Bu./#","2.05","5.70","2.05","1.10","0.03","2.05","5.70"
"1990","Crop Income","277.14","276.74","268.73","101.90","312.00","243.54","226.86"
"1990","Straw Income","0.00","0.00","0.00","70.00","0.00","0.00","0.00"
"1990","Pasture/Stubble","0.00","0.00","0.00","60.00","0.00","0.00","0.00"
"1990","Residue Income","0.00","0.00","56.25","0.00","0.00","0.00","0.00"
"1990","Total Income $/A","277.14","276.74","324.98","231.90","312.00","243.54","226.86"
"1990","Misc. Expense Per Acre","10.00","10.00","10.00","5.00","5.00","10.00","10.00"
"1990","Crop Ins.","4.54","5.63","4.54","0.00","0.00","6.05","7.50"
"1990","Interest","4.71","3.52","4.29","2.16","2.12","8.83","6.22"
"1990","Land Change","108.00","108.00","108.00","108.00","108.00","108.00","108.00"
"1990","Cover Crop","0.00","0.00","0.00","0.00","0.00","0.00","0.00"
"1990","Chop Stks.C.c.","0.00","5.40","0.00","0.00","0.00","0.00","5.40"
"1990","Apply NH4","0.00","0.00","0.00","0.00","0.00","24.00","0.00"
"1990","Fall Tillage","13.56","0.00","0.00","0.00","0.00","0.00","5.40"
"1990","Spring Tillage","12.00","0.00","0.00","5.99","5.99","13.70","20.75"
"1990","Maunure Charge","17.73","13.51","17.73","13.51","21.96","0.00","0.00"
"1990","Purch. Pert.","40.68","0.00","16.83","18.20","18.20","18.20","18.20"
"1990","Herbicides","0.00","0.00","0.00","0.00","0.00","25.00","25.00"
"1990","Seed","24.03","14.00","24.03","10.00","12.94","24.03","14.00"
"1990","Planting","10.10","10.10","10.10","4.20","4.20","8.05","8.05"
"1990","Rotary Hoe","3.70","7.40","7.40","0.00","0.00","0.00","0.00"
"1990","Spray/Walk","0.00","0.00","0.00","0.00","0.00","0.00","0.00"
"1990","Cultivation","21.30","14.20","14.20","0.00","0.00","9.60","9.60"
"1990","Windrow Oats","0.00","0.00","0.00","7.40","0.00","0.00","0.00"
"1990","Straw Costs","0.00","0.00","0.00","16.80","0.00","0.00","0.00"
"1990","Stubble Costs","0.00","0.00","0.00","10.00","0.00","0.00","0.00"
"1990","Mow/Windrow","0.00","0.00","0.00","5.10","15.30","0.00","0.00"
"1990","Rake","0.00","0.00","0.00","3.40","10.20","0.00","0.00"
"1990","Bale Hay","0.00","0.00","0.00","0.00","42.47","0.00","0.00"
"1990","Stack Residues","0.00","0.00","22.50","0.00","0.00","0.00","0.00"
"1990","Mov & Stor bales","0.00","0.00","2.25","4.80","11.40","0.00","0.00"
"1990","Grain Harvest","18.70","21.20","18.70","19.10","0.00","22.20","21.20"
"1990","Grain Handling","14.87","8.59","14.42","7.13","0.00","7.84","2.63"
"1990","Shell/Grind","13.52","0.00","13.11","0.00","0.00","0.00","0.00"
"1990","Storage","12.44","5.53","12.06","8.52","5.70","11.88","3.98"
"1990","Hedge/P.L.","0.00","0.00","0.00","0.00","0.00","4.75","1.59"
"1990","Drying Cost","0.00","0.00","0.00","0.00","0.00","17.82","0.00"
"1990","Corn RSL","0.00","0.00","0.00","0.00","0.00","3.56","0.00"
"1990","Total Exp. $/A","329.88","227.08","300.16","249.31","263.48","323.51","279.77"
"1990","Cost/bu. Or pound","2.44","4.68","2.10","2.26","0.0253","2.72","7.03"
"1990","Labor Return ","27.54","19.02","22.47","28.01","35.99","9.87","10.12"
"1990","Labor&M.R. $/A","-25.20","68.68","47.29","10.60","84.51","-70.10","-42.79"
"1989","Crop","Corn","SB","Corn","Oats","Hay","Corn","SB"
"1989","Yield Per Acre. Bu./#","113.30","54.34","145.40","135.78","11360.00","130.50","41.50"
"1989","Price, Bu./#","2.20","5.50","2.20","1.40","0.035","2.20","5.50"
"1989","Crop Income","249.26","298.87","319.88","190.09","397.60","287.10","228.25"
"1989","Straw Income","0.00","0.00","0.00","84.15","0.00","0.00","0.00"
"1989","Pasture/Stubble","0.00","0.00","0.00","70.00","0.00","0.00","0.00"
"1989","Residue Income","0.00","0.00","56.25","0.00","0.00","0.00","0.00"
"1989","Total Income $/A","249.26","298.87","376.13","344.24","397.60","287.10","228.25"
"1989","Misc. Expense Per Acre","10.00","10.00","10.00","5.00","5.00","10.00","10.00"
"1989","Crop Ins.","4.54","5.63","4.54","0.00","0.00","6.05","7.50"
"1989","Interest","5.14","3.84","4.68","2.36","2.31","9.39","6.74"
"1989","Land Change","104.00","104.00","104.00","104.00","104.00","104.00","104.00"
"1989","Cover Crop","0.00","9.50","0.00","0.00","0.00","0.00","0.00"
"1989","Chop Stks.C.c.","0.00","5.40","0.00","0.00","0.00","0.00","5.40"
"1989","Apply NH4","0.00","0.00","0.00","0.00","0.00","24.00","0.00"
"1989","Fall Tillage","14.00","0.00","0.00","0.00","0.00","0.00","17.65"
"1989","Spring Tillage","12.00","7.90","0.00","6.00","6.00","13.70","20.75"
"1989","Maunure Charge","12.00","12.00","12.00","12.00","12.00","0.00","0.00"
"1989","Purch. Pert.","11.79","0.00","11.79","18.33","18.33","18.33","18.33"
"1989","Herbicides","0.00","0.00","0.00","0.00","0.00","21.00","21.00"
"1989","Seed","24.03","14.00","24.03","12.75","12.94","24.03","14.00"
"1989","Planting","10.20","10.20","10.20","4.20","4.20","7.75","7.75"
"1989","Rotary Hoe","7.40","14.80","7.40","0.00","0.00","0.00","0.00"
"1989","Spray/Walk","0.00","0.00","0.00","0.00","0.00","0.00","0.00"
"1989","Cultivation","15.80","15.80","15.80","0.00","0.00","4.80","9.60"
"1989","Windrow Oats","0.00","0.00","0.00","7.30","0.00","0.00","0.00"
"1989","Straw Costs","0.00","0.00","0.00","13.02","0.00","0.00","0.00"
"1989","Stubble Costs","0.00","0.00","0.00","10.00","0.00","0.00","0.00"
"1989","Mow/Windrow","0.00","0.00","0.00","7.10","15.00","0.00","0.00"
"1989","Rake","0.00","0.00","0.00","0.00","9.30","0.00","0.00"
"1989","Bale Hay","0.00","0.00","0.00","0.00","36.62","0.00","0.00"
"1989","Stack Residues","0.00","0.00","22.50","0.00","0.00","0.00","0.00"
"1989","Mov & Stor bales","0.00","0.00","2.25","5.37","11.36","0.00","0.00"
"1989","Grain Harvest","16.80","20.80","16.80","18.50","0.00","22.10","20.80"
"1989","Grain Handling","12.46","4.18","11.20","10.46","0.00","8.61","2.74"
"1989","Shell/Grind","11.33","0.00","14.54","0.00","0.00","0.00","0.00"
"1989","Storage","10.42","6.19","13.38","15.48","5.68","13.05","4.15"
"1989","Hedge/P.L.","0.00","0.00","0.00","0.00","0.00","5.22","1.66"
"1989","Drying Cost","0.00","0.00","0.00","0.00","0.00","19.58","0.00"
"1989","Corn RSL","0.00","0.00","0.00","0.00","0.00","3.92","0.00"
"1989","Total Exp. $/A","281.91","244.24","285.11","251.87","242.74","315.53","272.07"
"1989","Cost/bu. Or pound","2.49","4.49","1.79","1.59","0.0214","2.42","6.56"
"1989","Labor Return ","27.54","19.02","22.47","28.01","35.99","9.87","10.12"
"1989","Labor&M.R. $/A","-5.11","73.65","113.49","28.01","35.99","9.87","10.12"
"1988","Crop","Corn","SB","Corn","Oats","Hay","Corn","SB"
"1988","Yield Per Acre. Bu./#","111.39","41.45","116.63","142.50","9344.00","87.10","24.00"
"1988","Price, Bu./#","2.30","7.20","2.30","2.30","0.04","2.30","7.20"
"1988","Crop Income","256.20","298.44","268.25","327.75","373.76","200.33","172.80"
"1988","Straw Income","0.00","0.00","0.00","64.28","0.00","0.00","0.00"
"1988","Pasture/Stubble","0.00","0.00","0.00","78.00","0.00","0.00","0.00"
"1988","Residue Income","0.00","0.00","56.25","0.00","0.00","0.00","0.00"
"1988","Total Income $/A","256.20","298.44","324.50","470.03","373.76","200.33","172.80"
"1988","Misc. Expense Per Acre","10.00","10.00","10.00","5.00","5.00","10.00","10.00"
"1988","Crop Ins.","4.13","5.10","4.13","0.00","0.00","5.50","6.80"
"1988","Interest","4.92","3.68","4.48","2.26","2.22","8.38","6.03"
"1988","Land Change","93.00","93.00","93.00","93.00","93.00","93.00","93.00"
"1988","Cover Crop","0.00","0.00","0.00","0.00","0.00","0.00","0.00"
"1988","Chop Stks.C.c.","0.00","5.10","0.00","0.00","0.00","0.00","0.00"
"1988","Apply NH4","0.00","0.00","0.00","0.00","0.00","5.30","0.00"
"1988","Fall Tillage","16.70","0.00","0.00","0.00","0.00","0.00","14.40"
"1988","Spring Tillage","0.00","0.00","0.00","14.60","0.00","11.00","17.00"
"1988","Maunure Charge","17.73","13.51","17.73","13.51","21.96","0.00","0.00"
"1988","Purch. Pert.","7.20","0.00","16.12","14.38","8.19","45.70","25.20"
"1988","Herbicides","0.00","0.00","0.00","0.00","0.00","17.30","15.55"
"1988","Seed","21.60","14.00","21.60","16.00","13.00","21.60","12.00"
"1988","Planting","9.80","9.80","9.80","3.10","9.10","6.80","6.80"
"1988","Rotary Hoe","7.00","7.00","7.00","0.00","0.00","0.00","0.00"
"1988","Spray/Walk","0.00","0.00","0.00","0.00","0.00","3.50","3.50"
"1988","Cultivation","15.80","15.80","15.80","0.00","0.00","4.70","9.40"
"1988","Windrow Oats","0.00","0.00","0.00","7.20","0.00","0.00","0.00"
"1988","Straw Costs","0.00","0.00","0.00","15.04","0.00","0.00","0.00"
"1988","Stubble Costs","0.00","0.00","0.00","9.59","0.00","0.00","0.00"
"1988","Mow/Windrow","0.00","0.00","0.00","7.30","21.90","0.00","0.00"
"1988","Rake","0.00","0.00","0.00","0.00","0.00","0.00","0.00"
"1988","Bale Hay","0.00","0.00","0.00","0.00","30.43","0.00","0.00"
"1988","Stack Residues","0.00","0.00","22.50","0.00","0.00","0.00","0.00"
"1988","Mov & Stor bales","0.00","0.00","2.25","4.09","9.34","0.00","0.00"
"1988","Grain Harvest","16.20","20.60","16.20","18.30","0.00","22.00","20.60"
"1988","Grain Handling","12.25","3.03","12.83","10.40","0.00","5.75","1.58"
"1988","Shell/Grind","11.14","0.00","11.66","0.00","0.00","0.00","0.00"
"1988","Storage","10.25","4.73","10.73","16.25","4.67","8.71","2.40"
"1988","Hedge/P.L.","0.00","0.00","0.00","0.00","0.00","3.48","0.96"
"1988","Drying Cost","0.00","0.00","0.00","0.00","0.00","13.07","0.00"
"1988","Corn RSL","0.00","0.00","0.00","0.00","0.00","2.61","0.00"
"1988","Total Exp. $/A","257.72","205.35","275.83","250.02","212.81","288.40","245.22"
"1988","Cost/bu. Or pound","2.31","4.95","2.15","1.50","0.0228","3.31","10.22"
"1988","Labor Return ","27.54","19.02","27.89","28.01","35.99","9.87","10.12"
"1988","Labor&M.R. $/A","26.02","112.11","76.56","248.02","196.94","-78.20","-62.30"
